Player,Nation,Team,Position,Age,Matches played,Starts,Minutes,Goals,Assists,Yellow Cards,Red Cards,Expected Goals,Expedted Assist Goals,Progressive Carries in Progression,Progressive Passes in Progression,Progressive Passes Received in Progression,Goals Scored per 90 minutes,Assists per 90 minutes,Expected Goals per 90 minutes,Expected Assists Goals per 90 minutes,Goals Against per 90 minutes,Save Percentage,Clean Sheets Percentage,Penalty Save Percentage,Percentage of shots that are on target,Shots on target per 90 minutes,Goals per shot,Average Shot Distance,Passes Completed,Pass Completion Percentage,Total Passing Distance,Passes Completion Percentage (Short),Passes Completion Percentage (Medium),Passes Completion Percentage (Long),Key Passes,Passes into Final Third,Passes into Penalty Area,Crosses into Penalty Area,Progressive Passes in Expected,Shot-Creating Actions,Shot-Creating Actions per 90 minutes,Goal-Creating Actions,Goal-Creating Actions per 90 minutes,Tackles,Tackles Won,Dribblers Tackled,Dribbles Challenged,Blocks,Shots Blocked,Passes Blocked,Interceptions,Touches,Touches(Defensive Penalty Area),Touches(Defensive Third),Touches(Mid Third),Touches(Attacking Third),Touches(Attacking Penalty Area),Take-Ons Attempted(Take-Ons),Percentage of Take-Ons Completed Successfully,Tackled During Take-Ons Percentage,Carries,Progressive Carrying Distance,Progressive Carries in Carries,Carries into Final Third,Carries into Penalty Area,Miscontrols,Dispossessed,Passes Received,Progressive Passes Received in Receiving,Fouls Committed,Fouls Drawn,Offsides,Crosses,Ball Recoveries,Aerials Won,Aerials Lost,Aerials Won Percentage,Transfer Fee
Aaron Ramsdale,ENG,Southampton,GK,26-353,26,26,"2,340",0,0,2,0,0.0,0.0,0,0,0,0.0,0.0,0.0,0.0,2.31,67.5,7.7,28.6,N/a,0.0,N/a,N/a,691,64.4,19407,99.5,95.9,38.7,0,32,1,0,0,3,0.12,0,0.0,0,0,2,2,0,0,0,2,1154,835,1132,25,0,0,0,N/a,N/a,701,2092,0,0,0,2,0,628,0,1,4,0,0,19,5,0,100.0,€18.7M
Aaron Wan-Bissaka,ENG,West Ham,DF,27-157,32,31,"2,794",2,2,1,0,1.2,2.9,98,125,139,0.06,0.06,0.04,0.09,N/a,N/a,N/a,N/a,33.3,0.16,0.13,15.3,1277,81.1,18273,90.0,82.0,47.4,29,89,30,11,125,83,2.67,7,0.23,61,43,26,7,31,9,22,59,1960,136,620,838,531,40,101,53.5,34.7,933,3303,98,57,12,28,21,1135,139,22,24,4,64,155,22,29,43.1,€26.9M
Abdoulaye Doucouré,MLI,Everton,MF,32-121,30,29,"2,425",3,1,5,1,3.9,2.3,40,78,91,0.11,0.04,0.14,0.09,N/a,N/a,N/a,N/a,31.0,0.33,0.10,13.8,676,79.6,10229,85.1,83.1,72.7,26,44,14,0,78,54,2.0,2,0.07,45,27,39,26,30,6,24,9,1090,31,218,502,385,59,43,53.5,46.5,571,1339,40,24,8,33,35,705,91,46,5,10,23,139,29,43,40.3,€5.8M
Adam Smith,ENG,Bournemouth,DF,34-003,22,17,"1,409",0,0,6,0,0.7,0.3,12,40,31,0.0,0.0,0.04,0.02,N/a,N/a,N/a,N/a,0.0,0.0,0.00,16.9,436,75.7,7088,88.0,78.1,37.5,7,41,8,5,40,20,1.28,2,0.13,21,10,25,13,12,5,7,14,707,39,217,332,162,6,15,40.0,40.0,305,585,12,15,0,10,6,333,31,15,11,0,30,43,12,13,48.0,€1.5M
Adam Wharton,ENG,Crystal Palace,MF,20-334,19,15,"1,258",0,2,2,0,0.3,3.0,14,105,10,0.0,0.14,0.02,0.21,N/a,N/a,N/a,N/a,41.7,0.36,0.00,25.8,521,75.6,9826,82.1,80.6,65.0,25,73,18,5,105,56,4.01,6,0.43,34,14,43,26,10,2,8,18,827,27,196,439,198,10,10,20.0,80.0,413,1021,14,22,2,14,13,509,10,12,21,0,35,96,7,16,30.4,€48.9M
Adama Traoré,ESP,Fulham,"FW,MF",29-097,32,16,"1,568",2,6,2,0,3.8,4.7,87,61,143,0.11,0.34,0.22,0.27,N/a,N/a,N/a,N/a,30.6,0.63,0.06,14.4,383,72.0,5972,81.2,73.4,55.3,37,32,32,17,61,73,4.19,9,0.52,17,12,13,8,7,0,7,1,725,4,74,258,415,86,88,50.0,37.5,483,2232,87,42,33,32,19,548,143,20,29,1,90,78,24,25,49.0,€8M
Alejandro Garnacho,ARG,Manchester Utd,"MF,FW",20-305,33,22,"2,056",5,1,2,0,7.0,3.6,134,54,274,0.22,0.04,0.31,0.16,N/a,N/a,N/a,N/a,34.6,1.23,0.06,17.1,600,79.1,8376,89.0,82.9,57.4,30,20,22,3,54,74,3.24,4,0.18,28,18,34,23,19,0,19,13,1078,13,120,340,636,164,85,30.6,60.0,783,3035,134,70,65,61,47,829,274,11,40,10,50,103,3,23,11.5,€60.7M
Alex Iwobi,NGA,Fulham,"FW,MF",28-364,34,32,"2,721",9,6,1,0,4.5,6.5,132,196,221,0.3,0.2,0.15,0.22,N/a,N/a,N/a,N/a,44.3,0.89,0.15,18.3,1037,74.4,17737,85.8,77.5,54.2,53,106,77,16,196,112,3.7,16,0.53,37,21,28,11,25,1,24,11,1693,31,225,678,815,107,86,48.8,45.3,1200,4024,132,99,37,54,38,1321,221,17,16,4,118,124,5,31,13.9,€30.3M
Alex Palmer,ENG,Ipswich Town,GK,28-265,10,10,900,0,0,2,0,0.0,0.0,0,1,0,0.0,0.0,0.0,0.0,2.50,60.0,0.0,0.0,N/a,0.0,N/a,N/a,207,65.5,6495,95.3,100.0,43.1,1,6,0,0,1,2,0.2,0,0.0,0,0,0,0,0,0,0,0,359,301,353,7,0,0,0,N/a,N/a,157,538,0,0,0,1,0,112,0,1,2,0,0,14,3,0,100.0,€1.6M
Alexander Isak,SWE,Newcastle Utd,FW,25-223,31,31,"2,487",22,6,1,0,19.0,4.0,77,77,196,0.8,0.22,0.69,0.15,N/a,N/a,N/a,N/a,42.5,1.34,0.22,14.5,459,74.0,6537,83.2,77.5,62.2,38,32,26,1,77,85,3.08,14,0.51,12,5,12,7,18,2,16,3,933,20,54,348,545,175,88,47.7,50.0,558,1723,77,40,43,62,50,659,196,25,13,20,15,54,25,48,34.2,€120.3M
Alexis Mac Allister,ARG,Liverpool,MF,26-129,33,30,"2,553",5,4,6,0,2.8,4.4,34,170,78,0.18,0.14,0.1,0.16,N/a,N/a,N/a,N/a,34.2,0.46,0.13,18.1,1245,83.4,19843,90.1,88.3,55.2,43,118,34,2,170,118,4.16,14,0.49,95,58,101,46,60,6,54,22,1827,55,279,944,624,60,42,38.1,50.0,893,1924,34,41,5,31,22,1203,78,60,39,2,84,145,19,34,35.8,€106.1M
Alisson,BRA,Liverpool,GK,32-212,24,24,"2,148",0,0,0,0,0.0,0.6,0,0,0,0.0,0.0,0.0,0.02,0.84,71.8,37.5,N/a,N/a,0.0,N/a,N/a,630,83.1,13996,98.9,98.5,47.8,1,10,0,0,0,6,0.25,1,0.04,1,0,1,1,0,0,0,0,801,577,786,15,0,0,1,100.0,0.0,509,1152,0,0,0,1,0,485,0,0,2,0,0,41,6,0,100.0,€24.1M
Amad Diallo,CIV,Manchester Utd,"FW,MF",22-295,22,17,"1,594",6,6,3,0,4.1,3.9,92,53,159,0.34,0.34,0.23,0.22,N/a,N/a,N/a,N/a,32.5,0.73,0.15,17.7,658,82.9,9051,90.4,85.3,52.4,39,25,29,5,53,80,4.52,16,0.9,33,26,26,11,10,0,10,11,1012,13,150,374,504,109,72,50.0,44.4,656,2294,92,46,52,35,32,714,159,19,23,9,38,93,9,15,37.5,€48.5M
Amadou Onana,BEL,Aston Villa,MF,23-259,22,17,"1,348",3,0,4,0,2.1,0.3,20,58,13,0.2,0.0,0.14,0.02,N/a,N/a,N/a,N/a,35.3,0.4,0.18,14.7,589,88.4,9251,94.4,89.9,71.4,7,52,8,1,58,25,1.67,4,0.27,46,24,24,10,14,6,8,24,836,60,227,490,132,20,17,64.7,17.6,459,1237,20,20,1,10,9,563,13,30,23,0,1,64,25,18,58.1,€62.1M
Andreas Pereira,BRA,Fulham,MF,29-121,31,23,"1,879",2,4,7,0,3.5,4.5,27,99,78,0.1,0.19,0.17,0.21,N/a,N/a,N/a,N/a,22.9,0.38,0.06,22.1,641,68.9,11658,83.6,78.3,41.0,56,64,19,4,99,101,4.84,8,0.38,22,12,40,30,16,2,14,8,1096,17,156,446,511,39,29,44.8,27.6,556,1266,27,35,8,26,21,648,78,27,23,1,168,97,12,21,36.4,€19M
Andrew Robertson,SCO,Liverpool,DF,31-052,31,27,"2,308",0,0,3,1,1.0,4.1,58,165,95,0.0,0.0,0.04,0.16,N/a,N/a,N/a,N/a,15.4,0.08,0.00,14.5,1456,83.0,24521,94.1,86.8,46.8,38,144,28,16,165,75,2.92,3,0.12,38,22,47,17,9,4,5,20,1947,86,500,882,578,50,18,38.9,55.6,1028,2588,58,48,6,25,11,1302,95,11,8,2,136,91,6,12,33.3,€24M
André,BRA,Wolves,MF,23-290,29,27,"2,170",0,0,7,0,0.4,0.7,8,92,11,0.0,0.0,0.01,0.03,N/a,N/a,N/a,N/a,12.5,0.04,0.00,25.8,1074,92.7,16897,95.3,95.2,79.3,14,97,4,0,92,43,1.78,3,0.12,76,46,56,24,40,8,32,32,1402,80,380,905,131,3,26,50.0,34.6,768,1386,8,14,0,27,17,941,11,34,32,0,0,172,2,6,25.0,€29.8M
André Onana,CMR,Manchester Utd,GK,29-030,33,33,"2,970",0,0,0,0,0.0,0.2,0,1,0,0.0,0.0,0.0,0.01,1.30,69.0,27.3,25.0,N/a,0.0,N/a,N/a,920,73.1,21868,99.1,99.0,36.3,1,24,0,0,1,4,0.12,0,0.0,1,1,3,2,0,0,0,0,1323,1005,1302,22,0,0,0,N/a,N/a,932,2615,0,0,0,1,0,810,0,0,2,0,0,33,6,0,100.0,€34.2M
Anthony Elanga,SWE,Nott'ham Forest,"FW,MF",23-005,34,27,"2,142",6,9,1,0,4.0,4.7,84,52,177,0.25,0.38,0.17,0.2,N/a,N/a,N/a,N/a,50.0,0.8,0.16,17.2,452,64.8,6511,83.3,63.1,33.6,43,27,24,7,52,87,3.66,14,0.59,18,13,16,12,10,1,9,5,954,29,127,276,567,95,76,30.3,47.4,507,2207,84,42,41,66,37,637,177,8,35,14,151,81,22,33,40.0,€45.5M
Anthony Gordon,ENG,Newcastle Utd,FW,24-067,30,25,"2,200",6,5,2,0,8.0,4.9,109,92,194,0.25,0.2,0.33,0.2,N/a,N/a,N/a,N/a,29.1,0.65,0.09,16.6,661,73.1,10125,86.1,77.7,42.2,50,59,50,16,92,98,4.01,12,0.49,31,17,34,22,24,2,22,6,1165,16,115,439,630,123,96,36.5,46.9,748,2978,109,55,55,28,35,838,194,19,62,8,120,92,5,7,41.7,€49.5M
Antoine Semenyo,GHA,Bournemouth,FW,25-115,33,33,"2,907",9,4,9,0,9.3,5.7,132,106,259,0.28,0.12,0.29,0.18,N/a,N/a,N/a,N/a,31.4,1.15,0.08,17.2,728,73.3,10406,84.9,76.6,37.8,44,48,44,8,106,122,3.78,12,0.37,53,34,42,26,59,8,51,10,1485,44,181,520,817,176,123,52.0,40.7,898,3357,132,64,64,78,71,1032,259,65,36,14,52,147,60,72,45.5,€47.7M
Antonee Robinson,USA,Fulham,DF,27-267,33,32,"2,899",0,10,8,0,0.7,4.1,110,120,257,0.0,0.31,0.02,0.13,N/a,N/a,N/a,N/a,12.5,0.06,0.00,22.1,1482,76.5,25356,86.5,78.9,56.6,41,109,50,26,120,74,2.3,11,0.34,84,56,86,43,36,6,30,56,2339,121,741,893,739,65,75,44.0,41.3,1252,3937,110,59,29,40,18,1402,257,30,17,6,158,142,45,25,64.3,€46.4M
Archie Gray,ENG,Tottenham,"DF,MF",19-051,24,15,"1,391",0,0,0,0,0.0,0.1,5,32,15,0.0,0.0,0.0,0.01,N/a,N/a,N/a,N/a,100.0,0.06,0.00,24.6,912,88.6,15954,92.6,92.9,60.7,2,37,0,0,32,5,0.32,0,0.0,12,6,16,10,19,10,9,12,1138,134,546,520,82,2,10,50.0,40.0,798,1496,5,5,0,9,10,860,15,9,11,0,12,57,9,8,52.9,€58.2M
Ashley Young,ENG,Everton,"DF,FW",39-297,28,17,"1,613",1,3,6,1,0.3,1.6,20,82,26,0.06,0.17,0.01,0.09,N/a,N/a,N/a,N/a,50.0,0.17,0.17,24.5,606,70.0,11151,87.9,76.1,40.4,19,71,18,9,82,37,2.06,6,0.33,50,28,50,19,10,3,7,23,1034,51,314,448,277,9,14,35.7,50.0,409,1210,20,24,1,8,1,528,26,24,17,0,64,61,10,10,50.0,€1.3M
Axel Tuanzebe,COD,Ipswich Town,DF,27-169,18,17,"1,445",0,1,5,1,0.2,0.3,9,45,8,0.0,0.06,0.01,0.02,N/a,N/a,N/a,N/a,0.0,0.0,0.00,15.7,535,83.1,8240,91.0,81.8,56.1,4,49,2,0,45,11,0.68,2,0.12,29,17,24,8,18,9,9,21,789,89,343,347,105,6,10,40.0,60.0,338,724,9,6,1,11,1,407,8,12,11,0,6,43,15,16,48.4,€4.2M
Bart Verbruggen,NED,Brighton,GK,22-257,32,32,"2,880",0,1,5,0,0.0,0.0,0,2,0,0.0,0.03,0.0,0.0,1.69,63.3,18.8,0.0,N/a,0.0,N/a,N/a,919,78.0,21660,99.2,98.2,47.2,1,17,1,0,2,5,0.16,1,0.03,0,0,3,3,1,0,1,0,1258,999,1245,13,0,0,2,100.0,0.0,853,1588,0,1,1,2,0,815,0,0,2,0,0,58,10,1,90.9,€30.7M
Ben Davies,WAL,Tottenham,DF,32-008,13,11,"1,036",0,0,3,0,0.3,0.2,13,49,6,0.0,0.0,0.02,0.02,N/a,N/a,N/a,N/a,20.0,0.09,0.00,17.0,745,89.4,13969,93.4,94.7,65.3,2,41,2,0,49,8,0.69,0,0.0,13,9,13,7,23,15,8,11,965,169,502,419,44,12,1,100.0,0.0,558,1633,13,9,0,4,0,653,6,12,5,0,4,34,41,35,53.9,€5.6M
Ben Johnson,ENG,Ipswich Town,"DF,FW",25-098,22,14,"1,348",1,2,5,1,1.1,1.3,16,26,33,0.07,0.13,0.07,0.09,N/a,N/a,N/a,N/a,42.9,0.2,0.14,12.6,296,71.5,4812,86.2,74.8,49.0,12,21,3,2,26,23,1.54,5,0.33,38,22,41,21,22,5,17,13,624,60,245,219,163,12,24,33.3,58.3,259,585,16,12,3,23,17,290,33,27,6,1,37,57,19,18,51.4,€12.6M
Bernardo Silva,POR,Manchester City,"MF,FW",30-265,29,25,"2,311",3,4,7,0,3.2,4.2,92,109,180,0.12,0.16,0.13,0.17,N/a,N/a,N/a,N/a,35.7,0.39,0.11,12.9,1284,86.9,19677,91.9,88.7,65.3,44,70,30,7,109,79,3.08,8,0.31,49,32,49,26,30,7,23,19,1705,42,298,675,749,127,55,45.5,41.8,1068,3501,92,59,30,21,31,1261,180,25,27,3,50,90,5,10,33.3,€50M
Bernd Leno,GER,Fulham,GK,33-059,34,34,"3,060",0,1,4,0,0.0,0.1,0,0,0,0.0,0.03,0.0,0.0,1.35,68.3,14.7,0.0,N/a,0.0,N/a,N/a,1030,81.2,25014,99.5,98.9,46.7,2,14,2,0,0,5,0.15,2,0.06,2,2,2,0,1,0,1,0,1328,1066,1318,10,0,0,0,N/a,N/a,879,1981,0,0,0,0,0,781,0,0,3,0,0,47,9,0,100.0,€13.7M
Beto,GNB,Everton,FW,27-091,26,11,"1,192",6,0,2,0,6.1,0.8,12,9,62,0.45,0.0,0.46,0.06,N/a,N/a,N/a,N/a,51.4,1.36,0.17,13.6,116,56.6,1593,68.0,48.5,87.5,8,5,3,1,9,17,1.28,0,0.0,13,6,8,3,7,1,6,3,403,21,41,182,185,65,32,53.1,43.8,210,387,12,9,9,53,32,291,62,29,18,14,3,29,74,86,46.3,€24.4M
Bilal El Khannouss,MAR,Leicester City,MF,20-357,29,24,"1,920",2,2,4,0,0.9,3.2,61,118,77,0.09,0.09,0.04,0.15,N/a,N/a,N/a,N/a,26.1,0.28,0.09,22.8,714,75.2,12717,85.8,81.0,57.1,31,81,27,5,118,59,2.77,4,0.19,46,26,28,13,19,4,15,6,1126,16,163,584,391,27,46,58.7,37.0,649,1788,61,38,9,35,34,753,77,27,9,1,78,83,19,19,50.0,€40.6M
Boubacar Kamara,FRA,Aston Villa,MF,25-160,22,16,"1,373",0,0,2,0,0.4,0.9,16,72,5,0.0,0.0,0.02,0.06,N/a,N/a,N/a,N/a,14.3,0.07,0.00,21.1,674,89.2,10544,93.5,91.4,53.1,10,77,8,0,72,24,1.57,2,0.13,46,19,51,25,17,7,10,16,911,88,288,520,109,8,22,36.4,31.8,467,1082,16,11,1,9,11,610,5,23,26,0,1,67,16,21,43.2,€46.3M
Brennan Johnson,WAL,Tottenham,FW,23-344,31,23,"2,083",11,3,5,0,9.8,2.3,57,70,194,0.48,0.13,0.43,0.1,N/a,N/a,N/a,N/a,37.7,0.86,0.21,11.4,438,71.0,5790,80.5,75.7,34.4,19,25,35,6,70,46,1.99,7,0.3,39,26,31,15,25,3,22,4,825,16,89,282,466,120,44,43.2,50.0,527,1410,57,21,32,25,16,609,194,26,25,12,52,60,7,20,25.9,€71.3M
Bruno Fernandes,POR,Manchester Utd,MF,30-236,33,32,"2,758",8,9,4,2,9.5,7.6,65,281,118,0.26,0.29,0.31,0.25,N/a,N/a,N/a,N/a,30.1,0.82,0.06,21.9,1522,75.2,26743,86.7,80.4,52.6,84,176,73,11,281,169,5.51,12,0.39,76,47,75,46,32,4,28,25,2394,59,398,1130,888,71,65,41.5,49.2,1379,3436,65,60,11,38,37,1665,118,26,37,2,172,192,21,28,42.9,€54.8M
Bruno Guimarães,BRA,Newcastle Utd,MF,27-167,34,34,"2,912",4,6,6,0,3.8,5.6,53,241,79,0.12,0.19,0.12,0.17,N/a,N/a,N/a,N/a,23.7,0.28,0.11,16.2,1305,82.1,21511,90.7,87.5,56.4,45,158,67,6,241,119,3.68,17,0.53,71,41,61,32,33,9,24,27,1965,74,397,1011,578,71,71,47.9,29.6,1275,3063,53,39,11,51,73,1475,79,54,99,2,24,161,17,16,51.5,€83.2M
Bryan Mbeumo,CMR,Brentford,FW,25-268,34,34,"3,054",18,6,3,0,10.8,8.0,114,126,305,0.53,0.18,0.32,0.23,N/a,N/a,N/a,N/a,43.5,0.88,0.19,17.7,779,66.8,12432,79.2,72.4,37.5,65,54,55,16,126,131,3.86,17,0.5,44,29,30,13,22,3,19,14,1576,50,225,502,876,144,95,46.3,41.1,955,3125,114,62,67,96,38,1072,305,23,42,11,177,138,32,69,31.7,€57.2M
Bukayo Saka,ENG,Arsenal,"FW,MF",23-239,21,17,"1,454",6,10,3,0,5.9,6.7,79,61,222,0.37,0.62,0.36,0.42,N/a,N/a,N/a,N/a,35.2,1.18,0.09,15.9,470,75.1,7266,90.0,72.4,48.2,49,13,32,10,61,100,6.19,22,1.36,23,13,20,10,19,0,19,2,840,6,46,180,621,139,83,44.6,41.0,535,2065,79,27,43,28,37,610,222,13,35,5,109,61,8,19,29.6,€101.3M
Caleb Okoli,ITA,Leicester City,DF,23-293,18,12,"1,124",1,0,4,0,0.6,0.0,3,32,2,0.08,0.0,0.05,0.0,N/a,N/a,N/a,N/a,50.0,0.16,0.25,13.5,558,86.4,9738,91.3,91.0,55.4,0,21,1,0,32,4,0.32,0,0.0,25,14,18,7,24,14,10,15,804,152,450,324,35,10,0,N/a,N/a,467,1106,3,6,0,10,2,483,2,16,9,0,1,44,23,21,52.3,€16.7M
Callum Hudson-Odoi,ENG,Nott'ham Forest,"FW,MF",24-176,29,25,"2,152",5,2,2,0,2.5,2.7,127,66,186,0.21,0.08,0.1,0.11,N/a,N/a,N/a,N/a,45.9,0.71,0.14,18.3,674,82.2,9918,92.1,81.8,51.2,44,36,31,11,66,94,3.93,11,0.46,20,14,17,6,11,0,11,13,1005,15,111,324,595,72,62,58.1,29.0,627,3336,127,61,45,44,23,765,186,12,22,8,75,91,3,10,23.1,€30.2M
Calvin Bassey,NGA,Fulham,DF,25-122,32,31,"2,804",1,0,6,0,1.0,0.1,35,104,13,0.03,0.0,0.03,0.0,N/a,N/a,N/a,N/a,28.6,0.13,0.07,15.3,1759,89.6,30963,94.9,94.0,60.3,2,135,2,0,104,22,0.71,3,0.1,51,32,28,8,37,17,20,18,2245,294,1099,1050,120,18,29,44.8,34.5,1443,4343,35,17,5,32,8,1559,13,24,30,2,6,155,40,31,56.3,€29.9M
Cameron Archer,ENG,Southampton,FW,23-285,31,13,"1,361",2,0,0,0,5.1,0.4,19,14,62,0.13,0.0,0.34,0.02,N/a,N/a,N/a,N/a,33.3,0.6,0.07,13.1,189,81.1,2474,85.6,91.4,55.6,3,6,7,0,14,17,1.13,0,0.0,11,7,9,7,5,1,4,2,360,16,59,161,143,49,31,45.2,51.6,207,499,19,9,14,33,24,253,62,16,12,7,3,34,8,27,22.9,€18.6M
Cameron Burgess,AUS,Ipswich Town,DF,29-193,16,14,"1,361",0,1,0,0,0.7,0.5,2,40,4,0.0,0.07,0.05,0.03,N/a,N/a,N/a,N/a,11.1,0.07,0.00,9.7,542,80.8,9841,90.8,86.5,50.9,6,42,4,0,40,12,0.79,2,0.13,14,9,9,2,18,13,5,13,849,204,510,296,44,21,0,N/a,N/a,391,935,2,4,0,2,0,492,4,4,4,1,0,37,38,19,66.7,€1.7M
Carlos Baleba,CMR,Brighton,MF,21-119,30,27,"2,313",3,1,8,1,3.0,1.3,40,111,26,0.12,0.04,0.12,0.05,N/a,N/a,N/a,N/a,27.5,0.43,0.08,25.1,1018,87.7,17164,92.7,91.7,64.3,20,103,22,2,111,60,2.34,4,0.16,71,41,72,28,43,10,33,40,1506,84,361,891,293,11,51,58.8,35.3,857,2564,40,40,3,36,35,913,26,38,43,0,8,172,38,23,62.3,€52.4M
Carlos Soler,ESP,West Ham,"MF,FW",28-120,28,14,"1,347",1,1,5,0,1.7,1.2,16,52,33,0.07,0.07,0.11,0.08,N/a,N/a,N/a,N/a,29.2,0.47,0.04,19.1,530,85.1,8264,94.4,85.7,53.7,14,41,11,0,52,46,3.08,2,0.13,13,10,22,16,19,6,13,8,738,26,172,384,187,22,18,44.4,50.0,338,714,16,16,4,11,14,502,33,24,17,0,31,63,9,11,45.0,€23.4M
Casemiro,BRA,Manchester Utd,MF,33-068,22,16,"1,335",1,0,3,0,1.7,2.3,4,70,26,0.07,0.0,0.11,0.15,N/a,N/a,N/a,N/a,28.6,0.54,0.04,18.8,670,78.5,11089,86.4,83.7,59.8,20,68,20,6,70,49,3.31,3,0.2,77,46,66,25,33,10,23,12,1091,69,327,555,217,38,6,50.0,50.0,575,823,4,10,0,10,10,697,26,17,18,3,19,89,31,17,64.6,€11.6M
Chris Richards,USA,Crystal Palace,DF,25-035,20,18,"1,562",1,0,4,1,1.2,0.1,5,34,1,0.06,0.0,0.07,0.01,N/a,N/a,N/a,N/a,50.0,0.29,0.10,11.8,583,81.1,10347,89.2,90.3,44.2,2,20,0,0,34,7,0.4,2,0.12,42,27,38,15,35,13,22,10,935,111,513,371,56,15,6,16.7,83.3,433,850,5,5,0,5,5,525,1,11,4,1,1,48,33,35,48.5,€15.7M
Chris Wood,NZL,Nott'ham Forest,FW,33-146,32,31,"2,599",19,3,1,0,11.4,2.4,13,34,79,0.66,0.1,0.4,0.08,N/a,N/a,N/a,N/a,57.4,1.07,0.30,14.2,279,66.6,3858,71.7,65.7,72.7,18,15,8,1,34,40,1.39,5,0.17,4,4,8,7,11,7,4,5,661,33,80,316,267,85,12,33.3,58.3,325,438,13,10,5,67,24,485,79,22,20,26,1,42,82,122,40.2,€7.8M
Christian Eriksen,DEN,Manchester Utd,MF,33-077,20,11,994,0,1,4,0,0.3,2.6,10,49,29,0.0,0.09,0.03,0.24,N/a,N/a,N/a,N/a,11.1,0.09,0.00,24.8,548,79.5,9150,91.9,80.3,49.1,23,53,8,2,49,45,4.07,6,0.54,19,9,24,13,13,4,9,7,778,24,160,376,246,13,3,0.0,100.0,424,677,10,11,0,11,5,514,29,8,3,0,74,59,2,5,28.6,€4.2M
Christian Nørgaard,DEN,Brentford,MF,31-053,30,30,"2,459",5,2,6,1,3.7,0.8,12,126,34,0.18,0.07,0.14,0.03,N/a,N/a,N/a,N/a,32.4,0.4,0.15,14.6,1012,81.7,16748,87.2,85.9,58.6,16,124,23,3,126,49,1.79,9,0.33,73,45,68,26,48,18,30,43,1571,158,542,751,293,51,12,50.0,33.3,719,1163,12,12,4,30,18,940,34,39,26,1,14,175,42,29,59.2,€14.4M
Christopher Nkunku,FRA,Chelsea,FW,27-169,27,9,921,3,2,2,0,4.8,2.1,17,25,68,0.29,0.2,0.47,0.21,N/a,N/a,N/a,N/a,44.0,1.07,0.12,12.6,299,89.5,3928,91.6,92.2,100.0,14,26,7,0,25,34,3.32,4,0.39,12,8,8,2,9,2,7,7,448,10,52,183,217,52,27,37.0,51.9,280,628,17,16,13,18,17,356,68,16,11,3,4,29,16,22,42.1,€51.7M
Cody Gakpo,NED,Liverpool,FW,25-360,31,19,"1,627",9,3,5,0,6.4,3.5,48,51,240,0.5,0.17,0.35,0.19,N/a,N/a,N/a,N/a,40.0,1.11,0.18,15.1,415,76.0,5915,86.5,67.2,55.2,33,22,26,8,51,70,3.87,7,0.39,26,14,23,12,19,2,17,11,759,20,72,217,486,87,48,58.3,31.3,510,1820,48,30,18,38,19,570,240,17,23,5,64,62,15,22,40.5,€67.5M
Cole Palmer,ENG,Chelsea,MF,22-361,33,32,"2,831",14,8,6,0,15.8,9.3,103,194,165,0.45,0.25,0.5,0.3,N/a,N/a,N/a,N/a,36.0,1.27,0.10,20.3,1019,76.9,19338,85.9,84.8,59.6,78,145,61,17,194,180,5.72,14,0.45,25,16,21,13,14,1,13,8,1650,20,133,735,804,126,103,45.6,39.8,1046,3306,103,66,35,61,34,1219,165,12,55,6,133,93,1,7,12.5,€115.4M
Conor Coady,ENG,Leicester City,DF,32-066,18,15,"1,354",0,0,2,0,0.1,0.1,2,28,0,0.0,0.0,0.01,0.0,N/a,N/a,N/a,N/a,100.0,0.07,0.00,9.2,764,90.6,13171,96.7,96.8,52.9,1,31,2,0,28,4,0.27,0,0.0,12,8,5,2,26,19,7,11,958,186,521,421,17,6,2,50.0,50.0,636,1403,2,2,1,4,2,703,0,7,2,1,0,46,13,16,44.8,€2.2M
Craig Dawson,ENG,Wolves,DF,34-361,15,10,971,0,0,2,0,0.5,0.0,6,20,5,0.0,0.0,0.05,0.0,N/a,N/a,N/a,N/a,20.0,0.09,0.00,8.5,484,86.6,9745,92.5,93.0,60.0,2,22,1,0,20,7,0.65,2,0.19,15,3,15,3,16,11,5,9,671,130,396,249,28,14,5,20.0,40.0,390,938,6,1,0,2,0,443,5,6,5,2,0,35,21,11,65.6,€1.5M
Cristian Romero,ARG,Tottenham,DF,27-005,18,18,"1,416",1,0,3,0,1.6,0.6,12,71,3,0.06,0.0,0.1,0.04,N/a,N/a,N/a,N/a,50.0,0.51,0.06,9.1,1094,89.5,20402,91.4,94.7,63.5,7,109,8,1,71,20,1.27,4,0.25,35,29,30,9,18,3,15,21,1377,157,594,720,74,23,4,25.0,50.0,896,2893,12,18,0,10,5,936,3,14,12,2,3,90,41,27,60.3,€60.1M
Curtis Jones,ENG,Liverpool,"MF,DF",24-092,29,16,"1,438",3,3,3,1,4.1,1.0,23,85,67,0.19,0.19,0.26,0.06,N/a,N/a,N/a,N/a,38.7,0.75,0.10,16.9,821,93.2,11932,96.9,92.5,75.6,19,60,16,0,85,41,2.57,7,0.44,34,18,23,8,15,7,8,5,1040,27,160,555,331,50,16,62.5,31.3,632,1383,23,15,5,22,29,781,67,15,23,1,6,78,13,12,52.0,€61.7M
Daichi Kamada,JPN,Crystal Palace,MF,28-270,30,13,"1,338",0,0,3,1,1.0,1.8,23,73,52,0.0,0.0,0.07,0.12,N/a,N/a,N/a,N/a,23.5,0.27,0.00,19.4,511,79.5,8122,87.9,82.0,55.1,19,39,13,2,73,46,3.09,3,0.2,43,25,37,25,19,4,15,16,804,18,172,420,217,28,13,30.8,53.8,403,949,23,17,4,13,18,518,52,25,17,2,27,67,3,12,20.0,€14.6M
Dan Burn,ENG,Newcastle Utd,DF,32-358,33,33,"2,970",1,0,10,0,1.7,0.9,9,56,10,0.03,0.0,0.05,0.03,N/a,N/a,N/a,N/a,25.0,0.15,0.05,9.9,1578,89.4,28670,91.0,94.8,62.3,8,35,7,0,56,21,0.64,3,0.09,33,19,32,15,32,23,9,25,2104,335,1183,823,103,46,4,75.0,25.0,1203,2383,9,5,1,21,3,1417,10,28,11,5,2,91,127,62,67.2,€9.1M
Dango Ouattara,BFA,Bournemouth,FW,23-080,31,20,"1,932",7,4,2,0,8.4,5.2,77,41,187,0.33,0.19,0.39,0.24,N/a,N/a,N/a,N/a,32.3,0.93,0.11,13.5,354,59.8,5548,72.5,62.5,37.9,32,20,24,10,41,68,3.17,6,0.28,34,25,40,23,34,9,25,11,930,60,160,298,490,127,77,46.8,41.6,479,1706,77,33,38,60,32,559,187,15,19,14,85,88,43,59,42.2,€28.5M
Daniel Muñoz,COL,Crystal Palace,DF,28-341,33,33,"2,868",4,4,9,0,4.6,4.4,49,83,183,0.13,0.13,0.14,0.14,N/a,N/a,N/a,N/a,37.5,0.38,0.13,12.3,1004,75.8,15308,85.7,77.1,44.3,39,53,31,13,83,74,2.32,9,0.28,109,70,86,37,35,3,32,39,1788,107,508,743,556,89,50,38.0,58.0,695,1461,49,32,15,50,18,846,183,47,19,13,60,149,56,73,43.4,€30.9M
Danny Welbeck,ENG,Brighton,FW,34-157,27,21,"1,852",9,4,4,0,8.1,1.1,19,40,80,0.44,0.19,0.39,0.05,N/a,N/a,N/a,N/a,37.7,0.97,0.17,15.2,352,84.0,4120,86.0,87.6,100.0,17,15,12,0,40,42,2.04,6,0.29,22,13,17,11,16,2,14,5,625,15,48,266,315,90,36,33.3,58.3,379,751,19,20,7,44,23,462,80,11,21,3,3,37,15,24,38.5,€6M
Dara O'Shea,IRL,Ipswich Town,DF,26-059,31,31,"2,762",0,2,6,0,1.1,0.5,3,70,7,0.0,0.07,0.04,0.02,N/a,N/a,N/a,N/a,10.5,0.07,0.00,13.7,1084,77.7,21631,86.4,84.8,50.4,3,81,3,1,70,20,0.65,3,0.1,45,28,31,11,59,47,12,31,1797,359,1046,643,113,47,2,50.0,50.0,795,1713,3,2,0,11,4,1018,7,16,22,3,6,98,100,77,56.5,€19.5M
Darwin Núñez,URU,Liverpool,FW,25-312,26,8,"1,018",5,2,8,0,5.0,1.2,22,27,67,0.44,0.18,0.44,0.11,N/a,N/a,N/a,N/a,37.5,1.06,0.16,14.5,147,70.7,2203,80.6,73.8,66.7,9,9,2,0,27,26,2.29,4,0.35,18,15,15,10,6,0,6,3,330,10,43,111,186,62,21,38.1,57.1,178,528,22,17,12,21,17,220,67,27,14,11,2,38,16,29,35.6,€60.9M
David Raya,ESP,Arsenal,GK,29-229,34,34,"3,060",0,0,2,0,0.0,0.0,0,12,0,0.0,0.0,0.0,0.0,0.85,75.5,35.3,0.0,N/a,0.0,N/a,N/a,945,74.7,22291,99.3,98.4,38.1,0,39,1,0,12,4,0.12,1,0.03,0,0,2,2,0,0,0,2,1321,772,1240,81,0,0,1,100.0,0.0,821,2479,0,0,0,1,0,756,0,1,8,0,0,38,10,0,100.0,€28.9M
Dean Henderson,ENG,Crystal Palace,GK,28-051,34,34,"3,060",0,0,3,0,0.0,0.1,0,0,0,0.0,0.0,0.0,0.0,1.38,66.9,29.4,50.0,0.0,0.0,0.00,14.9,672,61.8,18496,99.4,99.4,31.3,2,20,1,0,0,3,0.09,0,0.0,2,1,6,4,0,0,0,0,1173,954,1169,3,1,1,0,N/a,N/a,674,1919,0,0,0,2,0,510,0,0,0,0,0,25,11,1,91.7,€22.7M
Declan Rice,ENG,Arsenal,MF,26-108,32,30,"2,572",2,7,7,1,2.7,6.5,87,175,88,0.07,0.24,0.09,0.23,N/a,N/a,N/a,N/a,24.4,0.35,0.05,19.7,1285,83.6,21932,92.4,90.3,49.3,55,123,34,5,175,102,3.57,9,0.31,49,22,37,21,24,11,13,24,1806,71,294,846,683,74,26,42.3,53.8,960,3225,87,54,16,36,29,1182,88,19,15,1,155,139,30,23,56.6,€107.8M
Dejan Kulusevski,SWE,Tottenham,"MF,FW",25-007,30,25,"2,281",7,4,3,0,4.2,6.1,118,122,207,0.28,0.16,0.17,0.24,N/a,N/a,N/a,N/a,37.0,0.67,0.15,14.8,644,73.9,9046,86.2,78.1,40.3,64,61,52,6,122,125,4.93,9,0.35,43,23,49,30,27,4,23,13,1233,21,143,413,701,154,111,33.3,59.5,801,3164,118,67,39,74,72,874,207,43,33,5,88,115,10,14,41.7,€60.5M
Destiny Udogie,ITA,Tottenham,DF,22-155,24,23,"1,834",0,1,2,0,0.3,1.5,54,120,93,0.0,0.05,0.01,0.07,N/a,N/a,N/a,N/a,20.0,0.05,0.00,15.1,947,87.4,13710,91.3,90.4,80.0,16,88,6,1,120,35,1.72,3,0.15,74,47,47,14,40,6,34,21,1336,60,377,591,383,49,32,40.6,50.0,735,2290,54,39,12,32,19,796,93,29,38,2,19,109,13,13,50.0,€59.4M
Diogo Dalot,POR,Manchester Utd,DF,26-045,32,31,"2,788",0,3,5,0,2.0,2.0,62,102,164,0.0,0.1,0.06,0.07,N/a,N/a,N/a,N/a,21.7,0.16,0.00,15.6,1336,80.5,21497,89.9,81.9,55.4,26,61,25,8,102,74,2.39,5,0.16,67,39,52,18,22,9,13,37,1965,113,658,767,557,66,53,50.9,41.5,1111,2684,62,37,16,37,21,1186,164,40,9,4,65,164,38,21,64.4,€37.4M
Diogo Jota,POR,Liverpool,FW,28-149,23,13,"1,097",6,3,2,0,7.3,1.8,36,33,86,0.49,0.25,0.6,0.15,N/a,N/a,N/a,N/a,28.3,1.07,0.13,12.5,201,69.6,3050,76.1,74.2,61.9,11,29,3,1,33,35,2.87,9,0.74,14,8,19,12,9,0,9,7,448,5,30,185,240,90,30,36.7,60.0,247,753,36,21,20,36,21,311,86,18,12,1,8,40,21,30,41.2,€58.6M
Djed Spence,ENG,Tottenham,DF,24-266,21,16,"1,514",1,2,4,1,0.6,1.7,53,98,68,0.06,0.12,0.03,0.1,N/a,N/a,N/a,N/a,30.0,0.18,0.10,23.9,875,86.0,12585,93.6,86.8,54.4,10,73,17,7,98,26,1.55,5,0.3,39,30,25,6,22,9,13,17,1234,67,415,562,277,24,69,49.3,40.6,709,2295,53,40,7,25,27,776,68,19,23,2,23,91,17,12,58.6,€19.8M
Dominic Calvert-Lewin,ENG,Everton,FW,28-047,22,19,"1,574",3,1,2,0,6.1,0.6,22,19,105,0.17,0.06,0.35,0.04,N/a,N/a,N/a,N/a,37.0,0.97,0.07,12.3,174,62.6,2035,70.0,58.3,37.5,7,19,5,1,19,25,1.43,4,0.23,9,7,6,4,6,2,4,6,491,21,38,204,254,82,25,40.0,52.0,268,444,22,8,16,71,32,402,105,27,22,27,6,32,83,79,51.2,€17.8M
Dominic Solanke,ENG,Tottenham,FW,27-230,25,24,"2,119",8,3,0,0,10.1,2.9,29,45,88,0.34,0.13,0.43,0.13,N/a,N/a,N/a,N/a,40.7,1.02,0.14,12.1,250,71.0,3344,76.1,77.1,66.7,14,27,9,0,45,37,1.57,8,0.34,18,11,14,10,18,7,11,0,636,31,68,290,284,111,50,32.0,62.0,374,803,29,21,14,67,47,448,88,36,36,5,4,37,44,59,42.7,€52.1M
Dominik Szoboszlai,HUN,Liverpool,MF,24-189,32,26,"2,257",5,5,6,0,7.1,6.2,65,114,120,0.2,0.2,0.28,0.25,N/a,N/a,N/a,N/a,32.3,0.8,0.08,18.5,1015,84.5,15678,89.2,88.1,71.9,51,78,31,5,114,108,4.31,14,0.56,31,20,39,24,35,4,31,9,1435,23,183,696,574,96,35,54.3,37.1,732,2101,65,46,17,34,21,980,120,37,23,4,34,120,18,22,45.0,€71.4M
Dwight McNeil,ENG,Everton,"MF,FW",25-161,17,13,"1,185",3,4,1,0,1.1,3.8,32,61,68,0.23,0.3,0.08,0.29,N/a,N/a,N/a,N/a,37.5,0.68,0.13,21.6,390,73.0,7325,86.2,81.1,52.9,33,35,33,10,61,62,4.71,7,0.53,11,6,19,11,7,0,7,5,645,3,65,280,315,22,38,55.3,42.1,374,970,32,29,4,22,28,435,68,6,14,1,92,65,3,14,17.6,€27M
Eberechi Eze,ENG,Crystal Palace,"MF,FW",26-307,30,28,"2,337",4,8,1,0,8.2,5.2,65,85,141,0.15,0.31,0.31,0.2,N/a,N/a,N/a,N/a,25.8,0.92,0.04,21.5,707,74.6,11848,85.3,83.4,43.2,53,46,32,3,85,119,4.58,9,0.35,37,22,35,18,26,0,26,11,1289,15,172,611,537,86,125,48.8,45.6,771,2178,65,43,21,52,44,840,141,11,46,9,100,128,6,36,14.3,€62.2M
Ederson,BRA,Manchester City,GK,31-258,22,22,"1,960",0,4,3,0,0.0,1.5,0,1,0,0.0,0.18,0.0,0.07,1.15,68.5,31.8,0.0,N/a,0.0,N/a,N/a,693,88.1,17056,100.0,98.3,65.7,4,20,1,0,1,6,0.28,4,0.18,0,0,2,2,0,0,0,1,833,587,824,9,0,0,0,N/a,N/a,563,1671,0,0,0,1,0,529,0,1,0,0,0,37,4,1,80.0,€19.1M
Edson Álvarez,MEX,West Ham,MF,27-190,25,19,"1,633",0,1,8,1,0.3,0.8,21,75,18,0.0,0.06,0.02,0.04,N/a,N/a,N/a,N/a,9.1,0.06,0.00,26.7,763,85.7,12894,88.8,89.7,73.5,11,80,11,3,75,25,1.38,2,0.11,44,23,33,18,21,8,13,16,1101,61,323,612,174,12,31,45.2,38.7,603,1528,21,20,2,25,13,734,18,37,18,4,6,78,28,20,58.3,€36.5M
Elliot Anderson,ENG,Nott'ham Forest,MF,22-177,33,29,"2,377",2,6,7,0,1.7,3.1,44,118,82,0.08,0.23,0.06,0.12,N/a,N/a,N/a,N/a,20.0,0.27,0.06,19.9,893,77.7,14157,89.1,80.0,46.4,34,93,18,2,118,76,2.88,10,0.38,79,51,94,52,41,8,33,27,1528,88,363,716,477,59,69,50.7,37.7,774,1986,44,30,18,54,38,900,82,39,54,4,73,186,43,22,66.2,€46.5M
Emerson Palmieri,ITA,West Ham,DF,30-272,29,25,"2,015",2,1,5,0,2.0,1.5,44,64,82,0.09,0.04,0.09,0.07,N/a,N/a,N/a,N/a,43.8,0.31,0.13,19.0,827,79.9,12096,89.8,81.2,42.4,16,49,13,5,64,41,1.83,2,0.09,57,29,44,19,32,8,24,20,1277,82,412,532,348,27,30,33.3,56.7,533,1666,44,25,8,24,7,713,82,24,13,0,63,84,16,18,47.1,€12.6M
Emile Smith Rowe,ENG,Fulham,MF,24-278,30,23,"1,852",6,2,2,0,4.4,1.1,50,120,113,0.29,0.1,0.21,0.05,N/a,N/a,N/a,N/a,29.4,0.49,0.18,15.4,834,90.0,11939,92.0,95.4,69.2,18,74,15,1,120,65,3.16,11,0.53,30,17,24,16,20,2,18,11,1112,20,153,525,444,55,33,48.5,45.5,721,1832,50,38,11,32,13,853,113,17,12,4,13,69,6,17,26.1,€40.8M
Emiliano Martínez,ARG,Aston Villa,GK,32-242,33,33,"2,880",0,0,4,0,0.0,0.5,0,3,0,0.0,0.0,0.0,0.02,1.41,65.9,15.2,50.0,N/a,0.0,N/a,N/a,986,79.0,25707,97.8,98.1,49.9,2,21,0,0,3,6,0.19,1,0.03,3,3,2,0,1,0,1,0,1307,990,1292,15,0,0,1,100.0,0.0,794,2586,0,0,0,1,0,718,0,1,5,0,0,28,8,1,88.9,€17.5M
Emmanuel Agbadou,CIV,Wolves,DF,27-319,12,12,"1,050",0,0,2,0,0.3,0.2,3,21,1,0.0,0.0,0.02,0.02,N/a,N/a,N/a,N/a,16.7,0.09,0.00,31.8,597,84.4,12223,91.7,92.3,60.0,4,23,1,0,21,15,1.29,2,0.17,25,17,17,6,15,11,4,9,844,137,473,355,22,5,10,70.0,20.0,508,1085,3,3,0,3,3,549,1,5,4,1,1,63,22,15,59.5,€18M
Enzo Fernández,ARG,Chelsea,MF,24-105,32,28,"2,590",5,7,7,0,5.4,6.3,57,196,115,0.17,0.24,0.19,0.22,N/a,N/a,N/a,N/a,36.7,0.63,0.10,18.6,1397,80.0,24772,88.8,84.9,58.4,71,155,39,7,196,137,4.76,16,0.56,61,30,78,49,32,5,27,11,2021,32,309,1027,698,73,46,45.7,39.1,1115,2529,57,53,8,27,27,1487,115,45,47,1,103,141,13,27,32.5,€73.7M
Erling Haaland,NOR,Manchester City,FW,24-285,28,28,"2,480",21,3,2,0,20.8,2.8,19,18,103,0.76,0.11,0.76,0.1,N/a,N/a,N/a,N/a,54.5,1.96,0.19,12.2,225,66.0,2706,70.6,66.7,66.7,26,9,7,1,18,62,2.25,9,0.33,9,5,6,4,11,1,10,5,578,22,39,200,344,170,32,34.4,59.4,272,478,19,14,19,39,25,427,103,22,12,4,3,29,49,45,52.1,€198.8M
Ethan Pinnock,JAM,Brentford,DF,31-338,22,21,"1,913",2,0,2,0,1.1,1.2,3,41,9,0.09,0.0,0.05,0.05,N/a,N/a,N/a,N/a,60.0,0.28,0.20,11.1,924,85.6,17045,94.2,89.4,57.9,8,48,4,1,41,21,0.99,0,0.0,35,19,24,11,29,18,11,24,1348,294,783,457,109,24,9,33.3,66.7,633,1633,3,4,0,2,4,760,9,8,4,0,9,50,63,43,59.4,€7.6M
Evanilson,BRA,Bournemouth,FW,25-208,27,24,"1,972",9,1,0,1,11.0,1.6,26,19,87,0.41,0.05,0.5,0.07,N/a,N/a,N/a,N/a,45.2,1.28,0.15,12.9,201,69.1,2409,74.6,70.7,64.3,23,14,2,0,19,56,2.56,8,0.37,14,9,10,4,10,2,8,0,479,22,49,183,250,113,19,31.6,36.8,279,734,26,15,14,31,22,337,87,31,43,17,0,56,38,56,40.4,€26.9M
Ezri Konsa,ENG,Aston Villa,DF,27-191,30,29,"2,576",1,0,0,0,0.9,0.4,16,73,11,0.03,0.0,0.03,0.01,N/a,N/a,N/a,N/a,33.3,0.1,0.11,9.1,1372,92.7,22993,96.3,95.7,65.0,5,93,1,0,73,23,0.8,3,0.1,32,17,22,4,17,9,8,21,1693,213,795,807,99,20,17,41.2,41.2,986,2465,16,11,2,16,9,1177,11,6,42,0,5,86,27,21,56.3,€42.7M
Fabian Schär,SUI,Newcastle Utd,DF,33-133,30,29,"2,575",4,0,7,1,2.1,0.4,14,95,17,0.14,0.0,0.07,0.01,N/a,N/a,N/a,N/a,34.5,0.35,0.14,21.8,1458,83.6,29169,92.5,92.7,51.4,5,139,10,0,95,27,0.94,3,0.1,32,19,34,20,36,24,12,40,2034,237,1061,857,127,31,12,66.7,16.7,1284,3313,14,23,2,11,6,1417,17,31,12,4,9,123,40,61,39.6,€11M
Facundo Buonanotte,ARG,Leicester City,"FW,MF",20-130,29,14,"1,474",4,2,7,0,3.8,3.1,38,52,69,0.24,0.12,0.23,0.19,N/a,N/a,N/a,N/a,29.4,0.61,0.12,17.8,430,76.6,6782,85.7,81.9,48.6,24,40,13,2,52,50,3.05,4,0.24,53,32,67,46,32,6,26,11,850,26,127,436,300,36,79,32.9,62.0,465,1321,38,26,8,53,39,515,69,35,33,3,41,77,17,35,32.7,€30.7M
Flynn Downes,ENG,Southampton,MF,26-102,23,21,"1,791",1,0,10,0,0.6,1.1,24,59,28,0.05,0.0,0.03,0.05,N/a,N/a,N/a,N/a,30.0,0.15,0.10,18.7,851,89.8,12498,92.6,91.8,67.4,15,52,11,0,59,30,1.51,2,0.1,43,23,32,18,22,6,16,30,1136,76,343,605,197,20,14,35.7,50.0,540,1551,24,21,4,12,17,805,28,45,33,0,3,73,13,13,50.0,€9.2M
Gabriel Magalhães,BRA,Arsenal,DF,27-134,28,28,"2,363",3,1,4,0,2.6,0.9,10,126,11,0.11,0.04,0.1,0.03,N/a,N/a,N/a,N/a,22.7,0.19,0.14,9.5,1480,90.2,25788,96.9,94.2,53.9,13,145,8,0,126,35,1.33,6,0.23,25,15,16,4,42,29,13,16,1873,189,672,985,225,40,5,80.0,20.0,1116,2669,10,22,0,9,2,1366,11,19,19,0,9,63,53,37,58.9,€75.5M
Georginio Rutter,FRA,Brighton,"MF,FW",23-012,28,19,"1,656",5,3,2,0,4.6,2.5,42,67,79,0.27,0.16,0.25,0.14,N/a,N/a,N/a,N/a,24.0,0.65,0.10,15.5,237,66.8,3344,77.0,66.7,62.5,19,30,16,1,67,64,3.47,8,0.43,39,15,36,22,20,3,17,10,641,20,83,246,326,79,71,38.0,47.9,361,1405,42,36,16,45,37,411,79,34,45,7,9,66,25,46,35.2,€41.3M
Guglielmo Vicario,ITA,Tottenham,GK,28-207,22,22,"1,980",0,0,1,0,0.0,0.0,0,1,0,0.0,0.0,0.0,0.0,1.45,65.2,18.2,N/a,N/a,0.0,N/a,N/a,709,88.8,13716,99.1,97.3,51.0,0,1,0,0,1,4,0.18,0,0.0,0,0,0,0,0,0,0,1,848,568,830,18,0,0,1,100.0,0.0,606,1594,0,0,0,0,0,549,0,0,2,0,0,31,9,0,100.0,€41.6M
Guido Rodríguez,ARG,West Ham,MF,31-020,20,14,"1,018",0,0,5,0,0.2,0.1,2,31,5,0.0,0.0,0.02,0.01,N/a,N/a,N/a,N/a,12.5,0.09,0.00,27.8,419,84.1,7149,87.4,91.4,62.7,3,36,1,0,31,10,0.88,0,0.0,30,16,30,16,21,9,12,12,617,42,196,366,56,2,3,66.7,0.0,284,392,2,5,0,2,6,354,5,15,11,1,4,46,8,7,53.3,€13.6M
Harry Maguire,ENG,Manchester Utd,DF,32-058,23,17,"1,483",1,0,7,0,1.4,0.3,6,43,6,0.06,0.0,0.09,0.02,N/a,N/a,N/a,N/a,41.7,0.3,0.08,7.9,812,86.2,15170,91.8,91.0,58.3,6,42,3,0,43,17,1.03,0,0.0,26,13,17,4,14,12,2,37,1117,136,560,509,62,37,5,40.0,60.0,658,1644,6,6,3,6,2,722,6,17,8,1,2,53,51,21,70.8,€13.7M
Harry Wilson,WAL,Fulham,"FW,MF",28-041,21,9,937,5,1,2,0,3.2,1.1,16,46,79,0.48,0.1,0.31,0.1,N/a,N/a,N/a,N/a,31.0,0.86,0.17,17.7,279,73.6,4685,84.6,78.4,44.1,19,23,13,1,46,36,3.46,3,0.29,13,8,15,6,13,1,12,5,486,7,63,175,257,45,24,37.5,41.7,287,657,16,18,8,13,5,326,79,10,18,1,35,44,4,18,18.2,€14.5M
Harry Winks,ENG,Leicester City,MF,29-089,22,17,"1,538",0,2,4,0,0.2,1.2,19,101,11,0.0,0.12,0.01,0.07,N/a,N/a,N/a,N/a,40.0,0.23,0.00,29.2,910,87.1,14101,92.2,91.2,57.9,17,110,7,5,101,39,2.28,3,0.18,24,11,30,17,19,7,12,9,1158,49,275,746,151,1,12,25.0,66.7,696,1522,19,13,0,13,8,827,11,9,13,0,34,106,8,6,57.1,€11.4M
Harvey Barnes,ENG,Newcastle Utd,FW,27-144,29,13,"1,413",9,4,0,0,6.3,3.7,74,69,159,0.57,0.25,0.4,0.24,N/a,N/a,N/a,N/a,30.8,1.02,0.17,14.7,402,79.3,5599,87.2,74.7,64.7,21,21,34,8,69,52,3.3,9,0.57,16,9,7,4,7,1,6,6,676,15,82,225,374,102,56,37.5,50.0,471,2026,74,38,41,24,18,538,159,10,18,4,37,46,5,14,26.3,€41.5M
Ibrahima Konaté,FRA,Liverpool,DF,25-342,28,27,"2,320",1,2,5,0,1.7,1.0,21,103,3,0.04,0.08,0.07,0.04,N/a,N/a,N/a,N/a,16.7,0.12,0.06,10.5,1581,90.3,29259,93.7,95.1,55.7,10,125,8,0,103,30,1.16,7,0.27,36,25,34,10,27,15,12,12,2005,211,854,1047,110,22,4,50.0,25.0,1184,3160,21,13,0,8,2,1454,3,26,18,0,0,86,72,28,72.0,€57.2M
Iliman Ndiaye,SEN,Everton,FW,25-057,29,26,"2,162",7,0,3,0,5.2,1.6,79,45,106,0.29,0.0,0.22,0.07,N/a,N/a,N/a,N/a,41.9,0.54,0.16,17.3,514,80.6,7768,86.0,85.8,68.0,17,34,14,5,45,58,2.42,5,0.21,47,25,44,25,25,4,21,17,956,32,197,397,410,74,134,45.5,47.0,552,2169,79,40,29,48,38,582,106,21,46,5,35,160,5,17,22.7,€25.7M
Issa Diop,FRA,Fulham,DF,28-113,21,15,"1,339",0,0,2,0,0.5,0.1,6,25,3,0.0,0.0,0.04,0.01,N/a,N/a,N/a,N/a,40.0,0.13,0.00,10.7,663,87.5,12350,92.5,92.9,52.9,3,43,1,0,25,6,0.4,0,0.0,26,12,18,5,10,7,3,9,903,125,498,381,26,13,2,50.0,50.0,533,1216,6,2,0,9,2,617,3,10,4,0,1,45,20,12,62.5,€17.9M
Jack Clarke,ENG,Ipswich Town,"FW,MF",24-160,28,11,"1,033",0,4,2,0,1.0,2.0,30,33,47,0.0,0.35,0.09,0.17,N/a,N/a,N/a,N/a,14.3,0.17,0.00,19.4,260,76.0,4206,86.7,85.6,46.4,23,24,6,0,33,39,3.4,5,0.44,28,17,31,15,6,0,6,7,476,22,114,195,181,32,38,55.3,31.6,264,966,30,18,9,20,16,287,47,14,20,3,13,65,7,14,33.3,€19.4M
Jack Harrison,ENG,Everton,FW,28-163,30,22,"1,887",1,0,0,0,3.3,3.7,62,45,116,0.05,0.0,0.16,0.18,N/a,N/a,N/a,N/a,22.2,0.29,0.04,16.3,374,63.2,5976,81.4,68.6,34.0,32,26,24,10,45,53,2.53,4,0.19,30,21,40,26,18,2,16,9,862,31,144,304,421,62,71,31.0,57.7,473,1439,62,32,14,50,37,556,116,13,26,4,115,65,4,26,13.3,€17.7M
Jack Hinshelwood,ENG,Brighton,"DF,MF",20-021,22,20,"1,676",2,2,5,0,1.5,1.3,16,60,46,0.11,0.11,0.08,0.07,N/a,N/a,N/a,N/a,42.9,0.32,0.14,14.3,800,83.4,12164,91.2,84.4,54.0,15,33,9,2,60,33,1.77,3,0.16,26,18,26,15,8,3,5,14,1100,49,307,505,293,26,9,11.1,77.8,539,1084,16,19,1,16,2,686,46,15,6,0,26,55,19,14,57.6,€9.2M
Jack Stephens,ENG,Southampton,DF,31-095,16,14,"1,164",1,0,2,2,0.6,0.2,13,50,2,0.08,0.0,0.04,0.01,N/a,N/a,N/a,N/a,50.0,0.15,0.25,11.0,751,91.9,12975,92.9,94.3,81.3,3,46,5,0,50,12,0.93,0,0.0,31,18,26,11,14,9,5,11,935,106,387,458,94,11,4,0.0,100.0,520,1127,13,11,1,2,3,655,2,12,4,1,1,41,6,8,42.9,€1.4M
Jacob Greaves,ENG,Ipswich Town,DF,24-232,21,21,"1,845",1,0,5,0,1.2,0.0,6,51,7,0.05,0.0,0.06,0.0,N/a,N/a,N/a,N/a,50.0,0.2,0.13,8.3,791,86.4,12967,93.1,90.1,41.4,2,59,1,0,51,13,0.63,0,0.0,31,14,26,9,36,24,12,18,1141,244,619,455,71,15,3,66.7,33.3,524,925,6,9,0,7,2,704,7,11,18,1,0,43,58,38,60.4,€25.1M
Jacob Murphy,ENG,Newcastle Utd,FW,30-067,31,27,"2,084",8,11,3,0,5.6,8.1,69,63,210,0.35,0.48,0.24,0.35,N/a,N/a,N/a,N/a,36.6,0.65,0.20,18.1,593,68.2,8970,84.1,66.9,42.9,38,46,34,14,63,73,3.16,14,0.61,22,15,30,14,31,0,31,11,1112,20,158,409,556,83,62,48.4,46.8,652,2055,69,31,24,30,33,802,210,11,14,3,108,88,4,15,21.1,€17.9M
Jacob Ramsey,ENG,Aston Villa,"FW,MF",23-339,26,18,"1,485",1,3,2,0,1.4,2.1,57,64,103,0.06,0.18,0.09,0.12,N/a,N/a,N/a,N/a,23.5,0.24,0.06,16.1,470,85.5,6225,92.0,84.2,73.7,18,30,20,1,64,49,2.97,8,0.48,29,15,20,10,21,3,18,7,712,12,134,252,338,66,42,57.1,23.8,466,1598,57,31,19,39,21,542,103,12,24,5,10,74,6,10,37.5,€45.8M
Jadon Sancho,ENG,Chelsea,FW,25-038,28,18,"1,668",3,4,1,0,2.0,3.4,96,86,214,0.16,0.22,0.11,0.18,N/a,N/a,N/a,N/a,30.4,0.38,0.13,15.3,624,82.5,8433,89.2,84.0,50.0,35,25,46,0,86,65,3.51,10,0.54,10,6,12,7,9,0,9,2,915,11,114,267,544,116,95,47.4,40.0,619,2337,96,32,55,29,21,715,214,6,11,5,23,97,5,10,33.3,€37.7M
Jake O'Brien,IRL,Everton,DF,23-352,17,14,"1,301",2,0,4,0,0.7,0.6,7,41,24,0.14,0.0,0.05,0.04,N/a,N/a,N/a,N/a,60.0,0.21,0.40,11.5,461,77.2,8367,88.5,78.5,63.0,6,37,8,5,41,15,1.04,0,0.0,20,14,22,8,15,4,11,4,745,61,302,313,133,18,10,40.0,50.0,315,648,7,6,2,5,5,386,24,11,4,3,17,50,33,23,58.9,€19.7M
James Garner,ENG,Everton,"MF,DF",24-050,17,13,"1,234",0,1,3,0,0.3,1.3,10,38,22,0.0,0.07,0.02,0.09,N/a,N/a,N/a,N/a,28.6,0.15,0.00,24.1,434,72.8,7598,83.6,82.3,44.7,11,39,5,2,38,30,2.19,4,0.29,37,23,33,16,14,3,11,16,734,32,187,360,194,9,16,37.5,62.5,336,578,10,13,1,11,7,386,22,16,12,0,50,60,10,8,55.6,€23.2M
James Justin,ENG,Leicester City,DF,27-068,32,30,"2,579",2,1,5,0,1.5,0.6,37,86,92,0.07,0.03,0.05,0.02,N/a,N/a,N/a,N/a,25.0,0.21,0.08,16.0,1052,77.6,16221,86.6,84.1,34.7,13,71,21,7,86,31,1.08,1,0.03,48,29,49,22,39,13,26,42,1714,131,594,768,362,37,29,31.0,44.8,770,1559,37,25,4,31,13,951,92,21,34,2,53,75,58,46,55.8,€17M
James Maddison,ENG,Tottenham,MF,28-160,31,21,"1,809",9,7,6,0,5.8,4.2,45,164,95,0.45,0.35,0.29,0.21,N/a,N/a,N/a,N/a,43.6,0.85,0.23,16.7,1021,81.3,16664,90.9,86.2,46.3,41,123,32,5,164,95,4.73,18,0.9,31,19,29,20,15,4,11,12,1464,26,210,691,576,77,77,42.9,44.2,1026,2279,45,39,20,23,25,1125,95,32,64,4,98,76,5,7,41.7,€58.1M
James Tarkowski,ENG,Everton,DF,32-164,33,33,"2,922",1,1,6,0,1.3,2.9,9,75,3,0.03,0.03,0.04,0.09,N/a,N/a,N/a,N/a,26.7,0.12,0.07,8.4,1045,81.0,22119,84.5,91.9,62.7,16,83,11,0,75,38,1.17,4,0.12,64,40,39,15,57,42,15,41,1706,355,974,635,106,57,7,71.4,28.6,727,1943,9,10,0,13,7,927,3,35,28,2,1,98,102,33,75.6,€11.8M
Jamie Vardy,ENG,Leicester City,FW,38-111,32,32,"2,571",7,3,5,0,10.2,2.9,27,20,108,0.25,0.11,0.36,0.1,N/a,N/a,N/a,N/a,40.0,0.7,0.12,12.2,238,66.9,3417,74.3,77.0,68.4,18,10,9,1,20,42,1.47,9,0.31,18,13,13,9,8,4,4,3,541,28,54,252,240,101,21,42.9,47.6,257,629,27,11,14,33,12,350,108,21,20,25,11,34,49,51,49.0,€1M
Jan Bednarek,POL,Southampton,DF,29-020,28,28,"2,351",2,0,7,0,0.7,0.5,4,58,2,0.08,0.0,0.02,0.02,N/a,N/a,N/a,N/a,40.0,0.08,0.40,16.0,1495,92.5,26431,95.3,94.5,75.9,5,71,1,0,58,16,0.61,0,0.0,35,18,30,15,43,32,11,53,1953,359,1028,892,40,15,3,100.0,0.0,996,1646,4,5,1,9,3,1249,2,31,12,0,1,102,68,36,65.4,€12.9M
Jan Paul van Hecke,NED,Brighton,DF,24-328,30,29,"2,598",1,1,8,1,1.3,1.5,53,209,5,0.03,0.03,0.04,0.05,N/a,N/a,N/a,N/a,31.3,0.17,0.06,14.1,1795,87.9,35321,93.0,93.0,65.6,13,202,16,4,209,48,1.66,3,0.1,39,25,37,17,32,19,13,23,2316,246,987,1196,153,30,10,40.0,40.0,1536,6643,53,41,0,12,7,1628,5,22,22,0,11,119,73,48,60.3,€42.4M
Jannik Vestergaard,DEN,Leicester City,DF,32-272,18,16,"1,391",0,0,5,0,0.1,0.1,3,32,2,0.0,0.0,0.01,0.01,N/a,N/a,N/a,N/a,66.7,0.13,0.00,9.7,870,90.7,14697,95.0,93.7,59.3,3,34,1,0,32,7,0.45,0,0.0,22,10,15,6,21,14,7,16,1092,196,572,497,28,10,4,100.0,0.0,672,1458,3,3,0,2,0,757,2,12,4,0,0,46,26,19,57.8,€2M
Jarrad Branthwaite,ENG,Everton,DF,22-309,27,25,"2,258",0,1,4,0,1.1,0.6,9,57,2,0.0,0.04,0.04,0.02,N/a,N/a,N/a,N/a,37.5,0.12,0.00,8.2,851,81.6,16684,89.7,90.3,55.0,2,75,2,0,57,12,0.48,2,0.08,35,20,26,7,29,21,8,23,1345,196,713,581,58,22,5,60.0,20.0,643,2143,9,13,2,8,3,774,2,10,15,1,3,80,50,36,58.1,€32.2M
Jarrod Bowen,ENG,West Ham,"FW,MF",28-133,30,30,"2,631",9,7,1,0,7.4,6.3,97,85,183,0.31,0.24,0.25,0.22,N/a,N/a,N/a,N/a,40.0,1.03,0.11,17.8,510,71.8,8497,83.9,76.4,55.1,49,37,42,7,85,102,3.49,13,0.44,36,23,37,20,21,3,18,16,1098,25,125,401,596,150,115,34.8,56.5,651,2295,97,43,55,67,68,718,183,18,47,9,100,120,11,44,20.0,€48.1M
Jean-Clair Todibo,FRA,West Ham,DF,25-123,23,16,"1,485",0,0,2,0,0.2,0.0,9,28,5,0.0,0.0,0.01,0.0,N/a,N/a,N/a,N/a,0.0,0.0,0.00,14.6,761,87.9,13519,93.3,94.8,45.3,2,40,1,0,28,5,0.3,0,0.0,36,22,30,7,23,12,11,20,1044,142,583,432,38,9,14,50.0,50.0,604,1354,9,5,0,9,8,714,5,10,5,0,2,62,23,23,50.0,€36M
Jean-Philippe Mateta,FRA,Crystal Palace,FW,27-308,33,30,"2,442",14,2,2,0,12.1,3.1,37,46,114,0.52,0.07,0.45,0.11,N/a,N/a,N/a,N/a,41.7,0.92,0.20,15.6,269,65.0,3557,76.4,62.5,31.8,27,31,15,2,46,56,2.06,8,0.29,17,12,16,13,16,3,13,2,680,24,57,327,310,86,42,42.9,47.6,363,894,37,20,8,67,41,502,114,27,26,17,24,60,59,95,38.3,€31.7M
Jean-Ricner Bellegarde,FRA,Wolves,"MF,FW",26-309,31,18,"1,486",2,6,3,0,1.3,3.6,47,36,81,0.12,0.36,0.08,0.22,N/a,N/a,N/a,N/a,25.0,0.3,0.10,21.7,403,79.2,6227,89.4,80.9,57.7,26,27,15,7,36,53,3.21,10,0.61,33,19,18,6,18,3,15,10,724,23,126,328,286,41,58,22.4,53.4,446,1375,47,34,10,36,23,500,81,29,39,1,38,55,8,18,30.8,€21.3M
Jefferson Lerma,COL,Crystal Palace,"MF,DF",30-189,29,23,"2,030",0,1,8,0,1.0,1.5,11,86,24,0.0,0.04,0.04,0.06,N/a,N/a,N/a,N/a,29.2,0.31,0.00,19.4,775,75.5,13637,86.8,81.3,46.7,9,83,17,2,86,42,1.86,3,0.13,30,15,33,16,32,15,17,36,1269,95,403,653,223,26,12,50.0,33.3,596,1004,11,10,0,14,15,745,24,34,35,0,11,139,39,38,50.6,€13.6M
Jens Cajuste,SWE,Ipswich Town,MF,25-265,26,23,"1,774",1,0,2,0,0.5,0.6,23,46,16,0.05,0.0,0.02,0.03,N/a,N/a,N/a,N/a,10.0,0.05,0.10,21.3,572,82.4,9440,88.8,85.7,50.0,11,45,5,1,46,30,1.52,1,0.05,39,19,47,28,24,9,15,25,904,59,261,475,182,11,45,53.3,33.3,420,1175,23,21,3,21,14,521,16,21,21,0,9,98,12,20,37.5,€15.5M
Jesper Lindstrøm,DEN,Everton,FW,25-062,25,15,"1,239",0,1,2,0,2.1,2.0,30,25,81,0.0,0.07,0.15,0.15,N/a,N/a,N/a,N/a,35.7,0.73,0.00,21.0,297,69.4,4593,86.2,65.7,44.6,19,18,12,7,25,46,3.35,1,0.07,45,25,55,36,15,3,12,12,625,22,127,206,303,40,43,18.6,72.1,302,780,30,19,7,31,24,347,81,15,10,1,71,70,6,12,33.3,€24.4M
Joachim Andersen,DEN,Fulham,DF,28-336,25,25,"2,223",0,0,5,1,0.9,0.3,13,103,2,0.0,0.0,0.04,0.01,N/a,N/a,N/a,N/a,25.0,0.16,0.00,15.7,1441,82.9,31915,91.3,93.6,55.8,3,169,6,3,103,30,1.22,2,0.08,24,17,20,7,31,25,6,30,2023,285,1061,885,89,19,6,66.7,0.0,1179,2869,13,12,1,5,3,1398,2,15,17,0,10,104,62,35,63.9,€31.4M
Joe Aribo,NGA,Southampton,"MF,DF",28-285,30,20,"1,909",3,0,1,0,2.7,1.6,35,71,64,0.14,0.0,0.13,0.07,N/a,N/a,N/a,N/a,41.2,0.33,0.18,14.0,878,88.5,13041,91.3,90.9,68.9,16,50,4,1,71,37,1.75,1,0.05,44,30,34,17,24,9,15,20,1203,46,288,632,294,44,46,39.1,47.8,708,1923,35,28,12,25,16,879,64,20,28,1,10,110,25,21,54.3,€6.9M
Joe Willock,ENG,Newcastle Utd,"MF,FW",25-255,29,10,953,0,2,2,0,1.5,1.9,34,35,76,0.0,0.19,0.14,0.18,N/a,N/a,N/a,N/a,18.8,0.28,0.00,15.7,262,81.9,3708,88.6,86.0,42.1,21,23,8,0,35,41,3.88,4,0.38,25,14,28,10,22,5,17,5,472,12,70,198,212,47,32,34.4,46.9,282,892,34,23,12,33,22,327,76,20,12,3,16,35,5,13,27.8,€35.8M
Joelinton,BRA,Newcastle Utd,"MF,FW",28-261,29,29,"2,393",4,3,10,0,3.9,2.5,40,116,110,0.15,0.11,0.15,0.09,N/a,N/a,N/a,N/a,28.9,0.49,0.09,14.0,863,82.7,12199,87.7,86.6,60.0,23,80,17,2,116,61,2.29,9,0.34,57,35,44,19,37,7,30,23,1360,67,256,670,448,83,46,32.6,60.9,729,1786,40,26,9,39,53,934,110,58,35,7,16,149,59,46,56.2,€47.5M
John McGinn,SCO,Aston Villa,"MF,FW",30-196,30,24,"1,992",1,3,7,0,2.9,3.4,30,90,70,0.05,0.14,0.13,0.15,N/a,N/a,N/a,N/a,19.2,0.23,0.04,16.2,635,82.8,10675,91.6,86.5,59.8,27,60,27,7,90,66,2.98,6,0.27,31,22,26,15,20,2,18,14,965,27,154,514,307,52,43,39.5,27.9,530,1142,30,16,6,33,25,677,70,43,63,3,50,92,15,10,60.0,€22.5M
Jordan Ayew,GHA,Leicester City,"FW,MF",33-233,26,15,"1,356",4,0,5,0,2.9,0.8,42,33,75,0.27,0.0,0.19,0.06,N/a,N/a,N/a,N/a,26.9,0.46,0.12,18.4,334,72.5,4951,86.3,73.1,39.2,13,21,12,7,33,32,2.12,1,0.07,24,13,19,13,15,0,15,12,677,18,91,341,267,49,56,39.3,50.0,410,1261,42,30,9,51,32,454,75,28,45,5,52,84,33,54,37.9,€4.2M
Jordan Pickford,ENG,Everton,GK,31-056,34,34,"3,060",0,1,7,0,0.0,0.4,0,0,0,0.0,0.03,0.0,0.01,1.21,71.5,29.4,100.0,N/a,0.0,N/a,N/a,939,66.2,29916,99.3,98.3,46.5,2,66,8,0,0,12,0.35,2,0.06,1,0,2,1,0,0,0,1,1518,989,1451,68,0,0,0,N/a,N/a,861,3099,0,0,0,2,0,756,0,0,6,0,0,31,4,1,80.0,€22.6M
Joshua Zirkzee,NED,Manchester Utd,"FW,MF",23-345,32,14,"1,402",3,1,2,0,4.8,1.5,14,44,69,0.19,0.06,0.31,0.1,N/a,N/a,N/a,N/a,39.3,0.71,0.11,13.1,292,71.2,3600,78.1,74.4,50.0,12,26,6,0,44,31,1.99,3,0.19,14,8,10,5,15,4,11,6,587,16,71,303,219,56,35,31.4,68.6,327,523,14,21,4,41,30,418,69,9,13,3,4,57,21,54,28.0,€43.7M
José Sá,POR,Wolves,GK,32-105,26,26,"2,340",0,0,2,0,0.0,0.1,0,2,0,0.0,0.0,0.0,0.01,1.69,62.3,26.9,33.3,N/a,0.0,N/a,N/a,516,63.5,13520,99.0,97.3,30.4,2,17,1,0,2,4,0.15,0,0.0,2,2,2,0,0,0,0,0,870,690,862,9,0,0,7,100.0,0.0,537,2083,0,0,0,1,0,426,0,4,8,0,0,29,8,0,100.0,€8.5M
João Gomes,BRA,Wolves,MF,24-079,32,32,"2,691",3,1,10,1,2.7,1.1,53,146,66,0.1,0.03,0.09,0.04,N/a,N/a,N/a,N/a,21.2,0.23,0.09,18.1,1233,85.0,17654,90.9,85.8,61.0,21,106,22,1,146,61,2.04,3,0.1,99,58,97,59,39,3,36,25,1789,55,380,987,448,41,56,46.4,42.9,935,2578,53,50,6,36,49,1200,66,65,39,1,27,174,9,24,27.3,€51.1M
João Pedro,BRA,Brighton,"FW,MF",23-218,27,23,"1,948",10,6,4,1,8.9,5.0,66,78,128,0.46,0.28,0.41,0.23,N/a,N/a,N/a,N/a,35.7,0.69,0.12,17.2,482,72.9,6847,78.7,75.1,65.9,30,42,36,5,78,72,3.32,9,0.42,16,12,11,7,12,0,12,9,940,12,60,387,508,122,86,33.7,54.7,616,1821,66,39,30,72,38,732,128,26,46,2,22,59,41,43,48.8,€61.3M
Joël Veltman,NED,Brighton,DF,33-107,19,19,"1,643",0,0,4,0,0.5,0.5,29,79,32,0.0,0.0,0.03,0.03,N/a,N/a,N/a,N/a,16.7,0.05,0.00,19.7,716,80.0,12082,89.8,80.6,63.3,6,61,8,5,79,22,1.21,1,0.05,42,28,51,21,22,7,15,18,1097,64,327,540,240,10,15,26.7,33.3,524,1414,29,22,3,19,7,598,32,26,42,0,23,67,21,18,53.8,€5.7M
Justin Kluivert,NED,Bournemouth,"MF,FW",25-362,30,26,"2,097",12,6,8,0,9.9,4.8,72,95,146,0.52,0.26,0.42,0.21,N/a,N/a,N/a,N/a,43.1,0.94,0.12,20.3,516,74.2,7951,83.4,76.1,54.4,45,40,32,6,95,94,4.03,11,0.47,21,9,20,16,24,0,24,13,969,23,93,327,569,115,82,40.2,47.6,576,2092,72,50,34,49,24,631,146,40,29,5,78,71,7,25,21.9,€44.8M
Jørgen Strand Larsen,NOR,Wolves,FW,25-085,32,29,"2,463",13,2,4,0,10.0,2.4,16,28,106,0.48,0.07,0.37,0.09,N/a,N/a,N/a,N/a,60.4,1.17,0.25,11.4,272,63.1,3547,70.5,63.2,70.0,19,18,4,1,28,40,1.46,5,0.18,9,6,27,23,18,4,14,5,695,34,83,329,284,104,17,41.2,58.8,328,446,16,13,9,88,32,507,106,46,18,14,6,42,66,96,40.7,€30.8M
Kai Havertz,GER,Arsenal,"FW,MF",25-325,21,21,"1,839",9,3,4,0,9.4,2.4,34,59,110,0.44,0.15,0.46,0.12,N/a,N/a,N/a,N/a,40.4,1.03,0.17,11.7,401,78.5,4833,84.1,82.5,45.5,16,26,8,1,59,41,2.01,3,0.15,16,9,15,11,22,4,18,6,768,31,88,282,403,103,38,23.7,63.2,411,922,34,23,18,42,22,575,110,36,21,14,11,39,62,73,45.9,€70.5M
Kalvin Phillips,ENG,Ipswich Town,MF,29-151,18,14,"1,214",0,0,6,1,0.4,0.2,4,49,4,0.0,0.0,0.03,0.02,N/a,N/a,N/a,N/a,20.0,0.15,0.00,24.2,426,79.3,8392,82.9,86.6,62.1,5,48,6,1,49,17,1.26,3,0.22,34,19,38,23,35,6,29,19,722,60,220,388,118,4,12,41.7,50.0,302,541,4,5,0,24,10,383,4,28,19,0,18,68,7,21,25.0,€17.2M
Kamaldeen Sulemana,GHA,Southampton,"FW,MF",23-076,22,13,"1,122",1,1,1,0,1.3,0.7,56,25,72,0.08,0.08,0.11,0.06,N/a,N/a,N/a,N/a,32.0,0.64,0.04,18.5,235,79.1,3417,89.7,81.6,42.3,9,6,11,6,25,27,2.17,3,0.24,16,14,13,5,9,0,9,6,483,13,64,178,259,48,91,36.3,54.9,313,1369,56,34,23,37,22,338,72,18,10,2,24,51,8,20,28.6,€18.5M
Kaoru Mitoma,JPN,Brighton,"FW,MF",27-347,33,28,"2,521",9,3,1,0,8.8,4.4,138,82,277,0.32,0.11,0.31,0.16,N/a,N/a,N/a,N/a,46.3,0.89,0.17,13.9,701,75.3,9130,86.9,70.5,44.0,35,34,32,8,82,83,2.96,8,0.29,43,26,46,28,46,3,43,13,1300,15,149,445,734,156,127,38.6,57.5,786,3663,138,76,55,49,22,911,277,39,23,5,72,92,24,27,47.1,€50.6M
Keane Lewis-Potter,ENG,Brentford,"DF,FW",24-069,34,32,"2,759",1,3,6,0,2.6,3.0,92,88,143,0.03,0.1,0.08,0.1,N/a,N/a,N/a,N/a,51.9,0.46,0.04,20.5,868,77.2,14309,89.4,79.4,49.4,22,56,40,14,88,65,2.12,8,0.26,44,26,43,17,24,9,15,19,1429,94,436,549,463,69,95,41.1,49.5,756,2937,92,62,34,42,19,844,143,16,28,4,68,132,26,33,44.1,€27.1M
Kenny Tete,NED,Fulham,DF,29-205,18,17,"1,438",0,2,3,0,1.2,0.9,33,46,45,0.0,0.13,0.08,0.05,N/a,N/a,N/a,N/a,9.1,0.13,0.00,16.1,645,81.2,10261,91.7,80.0,60.2,7,56,7,5,46,30,1.88,3,0.19,49,34,32,12,20,6,14,28,997,57,320,407,278,32,19,42.1,31.6,520,1210,33,20,7,16,10,575,45,25,14,0,26,61,18,12,60.0,€14M
Kepa Arrizabalaga,ESP,Bournemouth,GK,30-211,27,27,"2,430",0,0,3,0,0.1,0.0,0,2,0,0.0,0.0,0.0,0.0,1.26,75.4,25.9,0.0,0.0,0.0,0.00,9.7,636,71.5,17590,98.0,98.2,46.9,1,9,0,0,2,4,0.15,0,0.0,1,0,1,1,1,0,1,0,945,695,918,26,1,1,1,100.0,0.0,534,1529,0,0,0,0,0,413,0,2,5,0,0,48,7,1,87.5,€12M
Kevin De Bruyne,BEL,Manchester City,"MF,FW",33-308,24,16,"1,455",3,7,2,0,3.4,7.6,47,128,132,0.19,0.43,0.21,0.47,N/a,N/a,N/a,N/a,27.1,0.8,0.06,21.9,756,75.6,12912,85.1,76.7,58.1,51,75,48,10,128,101,6.24,11,0.68,15,8,21,17,8,0,8,7,1153,10,70,391,702,66,30,40.0,46.7,677,1825,47,43,18,24,25,862,132,14,16,5,115,53,4,14,22.2,€20.1M
Kevin Schade,GER,Brentford,FW,23-156,34,22,"1,998",8,2,3,0,6.7,3.4,56,32,144,0.36,0.09,0.3,0.15,N/a,N/a,N/a,N/a,43.5,0.9,0.17,11.9,287,58.9,4447,69.0,60.8,41.5,20,29,9,3,32,49,2.21,9,0.41,34,23,20,8,16,2,14,5,781,37,128,217,451,124,79,35.4,57.0,395,1260,56,26,34,52,34,484,144,19,33,13,36,76,76,63,54.7,€29.7M
Kieran Trippier,ENG,Newcastle Utd,DF,34-225,23,13,"1,192",0,3,1,0,0.1,1.3,25,106,52,0.0,0.23,0.01,0.1,N/a,N/a,N/a,N/a,0.0,0.0,0.00,22.2,942,82.1,16029,94.1,85.4,47.8,19,65,17,2,106,49,3.7,6,0.45,36,19,34,13,9,3,6,11,1267,45,354,550,371,12,7,57.1,42.9,562,1139,25,13,4,11,7,780,52,16,10,2,74,61,19,14,57.6,€5.1M
Kobbie Mainoo,ENG,Manchester Utd,MF,20-013,21,17,"1,416",0,0,5,0,0.6,1.6,21,56,38,0.0,0.0,0.04,0.1,N/a,N/a,N/a,N/a,15.4,0.13,0.00,20.8,627,86.1,8304,91.9,87.7,71.8,14,45,9,0,56,29,1.84,1,0.06,39,24,34,13,16,2,14,19,924,19,175,523,235,32,46,50.0,45.7,568,1089,21,14,10,30,32,656,38,26,19,2,4,77,18,27,40.0,€66M
Konstantinos Mavropanos,GRE,West Ham,DF,27-142,30,20,"1,944",0,0,6,1,1.5,0.5,16,60,2,0.0,0.0,0.07,0.02,N/a,N/a,N/a,N/a,27.8,0.23,0.00,14.8,1010,85.9,19926,91.2,92.3,58.4,5,60,4,1,60,16,0.74,0,0.0,32,22,25,11,23,17,6,38,1428,221,743,631,62,24,17,52.9,29.4,792,2123,16,10,1,12,0,934,2,17,14,3,2,67,56,24,70.0,€19.1M
Kristoffer Ajer,NOR,Brentford,DF,27-015,21,17,"1,395",0,0,5,0,0.8,1.2,27,52,42,0.0,0.0,0.05,0.08,N/a,N/a,N/a,N/a,37.5,0.19,0.00,10.2,483,78.2,7530,86.6,79.7,49.1,8,41,7,4,52,18,1.16,2,0.13,25,17,27,12,17,4,13,12,766,52,257,357,158,35,16,43.8,50.0,377,1171,27,11,2,15,12,478,42,12,6,1,14,42,27,23,54.0,€21.5M
Kyle Walker-Peters,ENG,Southampton,DF,28-019,32,32,"2,828",0,2,5,0,0.8,2.7,112,134,139,0.0,0.06,0.03,0.09,N/a,N/a,N/a,N/a,30.0,0.19,0.00,18.3,1450,88.0,21806,93.8,89.7,60.4,23,117,29,4,134,62,1.97,7,0.22,43,28,34,18,25,14,11,18,1970,149,603,854,529,58,90,41.1,43.3,1228,4264,112,69,23,32,38,1391,139,28,49,2,51,130,11,21,34.4,€16.6M
Leandro Trossard,BEL,Arsenal,FW,30-149,34,25,"2,264",8,5,4,1,6.6,5.1,71,91,202,0.32,0.2,0.26,0.2,N/a,N/a,N/a,N/a,30.3,0.8,0.12,16.0,616,73.6,10098,84.8,76.0,51.2,36,40,41,9,91,78,3.1,6,0.24,25,16,31,22,28,0,28,9,1118,15,117,350,667,137,70,41.4,44.3,710,1879,71,47,27,53,42,836,202,24,41,5,78,90,6,21,22.2,€31.8M
Leif Davis,ENG,Ipswich Town,DF,25-110,31,30,"2,563",1,2,5,1,0.9,4.3,48,55,117,0.04,0.07,0.03,0.15,N/a,N/a,N/a,N/a,14.3,0.07,0.07,20.4,854,71.5,14708,86.0,77.4,37.3,54,30,26,11,55,85,2.98,4,0.14,45,26,46,17,24,8,16,25,1459,115,517,484,477,36,37,35.1,45.9,659,1940,48,27,10,36,14,770,117,25,30,3,148,111,33,22,60.0,€28.2M
Leny Yoro,FRA,Manchester Utd,DF,19-170,19,11,"1,069",0,0,5,0,0.7,0.0,19,48,4,0.0,0.0,0.06,0.0,N/a,N/a,N/a,N/a,20.0,0.08,0.00,8.6,642,92.2,10301,95.5,93.9,65.0,1,43,4,1,48,7,0.59,0,0.0,25,10,17,6,5,3,2,17,814,80,378,377,61,13,3,33.3,66.7,553,1557,19,11,1,3,2,588,4,9,2,1,1,41,16,15,51.6,€71M
Leon Bailey,JAM,Aston Villa,"FW,MF",27-266,23,14,"1,138",1,2,3,0,1.7,1.5,57,35,121,0.08,0.16,0.14,0.12,N/a,N/a,N/a,N/a,21.4,0.47,0.04,17.3,273,70.7,4275,81.4,81.1,47.4,16,16,20,2,35,38,3.01,4,0.32,6,4,10,8,6,0,6,3,539,18,76,155,318,69,57,38.6,42.1,344,1334,57,22,33,35,25,386,121,12,18,3,34,59,6,9,40.0,€39.2M
Lesley Ugochukwu,FRA,Southampton,MF,21-037,23,15,"1,447",1,1,5,0,0.8,1.0,27,48,20,0.06,0.06,0.05,0.06,N/a,N/a,N/a,N/a,11.1,0.06,0.11,18.4,536,84.5,8330,87.5,91.9,57.1,14,50,6,1,48,23,1.43,1,0.06,46,22,32,15,25,9,16,12,793,45,191,446,162,23,26,69.2,26.9,431,1122,27,14,6,12,10,538,20,26,14,0,6,59,18,17,51.4,€27M
Levi Colwill,ENG,Chelsea,DF,22-065,31,31,"2,789",1,1,8,0,1.3,1.1,13,124,11,0.03,0.03,0.04,0.04,N/a,N/a,N/a,N/a,18.8,0.1,0.06,9.9,2167,89.6,39487,92.7,95.3,57.7,14,144,7,3,124,37,1.19,3,0.1,40,28,25,9,34,24,10,31,2669,330,1241,1310,128,35,10,60.0,40.0,1526,3857,13,11,1,13,8,1964,11,42,18,4,13,108,76,51,59.8,€56.6M
Lewis Cook,ENG,Bournemouth,"MF,DF",28-088,33,29,"2,726",1,3,8,0,0.9,4.1,33,152,48,0.03,0.1,0.03,0.14,N/a,N/a,N/a,N/a,28.6,0.13,0.07,23.4,1131,76.5,19703,84.6,84.8,45.4,47,149,25,10,152,86,2.84,5,0.17,77,41,65,30,28,10,18,40,1776,82,416,930,449,19,17,58.8,41.2,779,2102,33,28,4,29,16,888,48,46,10,3,126,178,40,34,54.1,€19.3M
Lewis Dunk,ENG,Brighton,DF,33-162,24,22,"1,993",0,0,5,0,0.8,0.5,20,142,3,0.0,0.0,0.04,0.02,N/a,N/a,N/a,N/a,25.0,0.14,0.00,12.1,1724,90.9,32037,96.2,95.1,62.5,6,154,6,0,142,19,0.86,3,0.14,17,10,19,8,26,17,9,12,2062,245,966,994,112,21,1,0.0,100.0,1302,3247,20,18,0,8,3,1509,3,7,10,2,5,102,49,30,62.0,€7.4M
Lewis Hall,ENG,Newcastle Utd,DF,20-236,27,24,"2,189",0,4,3,0,0.4,4.3,41,123,80,0.0,0.16,0.02,0.18,N/a,N/a,N/a,N/a,9.1,0.04,0.00,18.8,1300,81.7,21999,91.3,85.1,51.5,34,114,17,5,123,63,2.59,6,0.25,58,41,74,34,33,18,15,18,1820,95,623,804,414,47,21,52.4,33.3,950,2358,41,22,13,33,20,1094,80,9,21,1,110,119,30,31,49.2,€34.5M
Liam Delap,ENG,Ipswich Town,FW,22-083,33,30,"2,424",12,2,9,0,9.1,1.9,59,30,104,0.45,0.07,0.34,0.07,N/a,N/a,N/a,N/a,43.5,1.0,0.16,15.9,208,61.0,2873,70.3,63.1,39.1,20,16,6,0,30,60,2.23,7,0.26,10,7,14,12,8,0,8,2,647,29,78,270,320,87,82,46.3,42.7,424,1511,59,45,28,96,55,507,104,65,48,13,5,64,52,67,43.7,€37M
Lisandro Martínez,ARG,Manchester Utd,DF,27-104,20,20,"1,751",2,1,7,0,1.3,1.1,23,117,7,0.1,0.05,0.07,0.06,N/a,N/a,N/a,N/a,35.3,0.31,0.12,15.9,1200,89.4,20292,94.2,93.0,55.2,9,91,18,2,117,26,1.34,2,0.1,40,24,36,15,22,8,14,32,1524,156,713,697,125,18,7,85.7,14.3,1017,3129,23,23,2,1,3,1069,7,22,7,0,9,81,16,13,55.2,€49.2M
Lucas Bergvall,SWE,Tottenham,MF,19-089,27,11,"1,212",0,1,3,0,0.7,0.6,33,49,31,0.0,0.07,0.05,0.04,N/a,N/a,N/a,N/a,16.7,0.15,0.00,19.9,629,87.4,10567,91.9,89.8,74.6,11,53,7,3,49,22,1.63,4,0.3,39,19,32,15,18,8,10,24,885,36,188,478,232,22,45,46.7,44.4,531,1634,33,21,4,20,19,586,31,20,17,0,21,73,9,8,52.9,€32.6M
Lucas Digne,FRA,Aston Villa,DF,31-286,30,27,"2,241",0,4,4,0,0.8,4.4,23,54,140,0.0,0.16,0.03,0.17,N/a,N/a,N/a,N/a,23.1,0.12,0.00,22.7,924,75.0,14998,88.2,78.6,39.7,35,43,29,18,54,63,2.53,5,0.2,62,36,62,20,23,4,19,25,1473,90,510,449,524,28,19,47.4,47.4,669,1319,23,14,4,17,15,804,140,20,14,7,138,98,34,26,56.7,€13.6M
Lucas Paquetá,BRA,West Ham,"MF,FW",27-248,30,26,"2,257",4,0,8,0,5.2,3.0,20,140,82,0.16,0.0,0.21,0.12,N/a,N/a,N/a,N/a,7.9,0.12,0.05,19.6,1047,77.4,17297,84.0,79.3,63.5,35,121,41,4,140,78,3.11,6,0.24,63,35,49,25,27,4,23,17,1672,58,338,919,428,56,42,40.5,47.6,862,1255,20,31,2,51,50,1181,82,49,57,6,28,140,47,57,45.2,€71.2M
Luis Díaz,COL,Liverpool,FW,28-109,33,26,"2,225",12,5,2,0,10.0,4.9,103,103,269,0.49,0.2,0.4,0.2,N/a,N/a,N/a,N/a,41.5,1.09,0.18,13.5,697,84.3,11124,88.6,86.0,82.4,54,45,43,6,103,116,4.69,16,0.65,33,21,34,21,18,0,18,7,1109,15,78,382,668,155,111,45.9,43.2,733,2803,103,53,55,51,43,878,269,48,30,10,30,98,12,33,26.7,€71M
Luke Woolfenden,ENG,Ipswich Town,DF,26-193,14,11,"1,097",0,0,2,0,0.0,0.0,7,15,0,0.0,0.0,0.0,0.0,N/a,N/a,N/a,N/a,0.0,0.0,0.00,12.9,450,87.7,8278,96.6,93.4,52.2,0,27,0,0,15,2,0.16,0,0.0,9,6,5,3,21,14,7,18,638,139,365,264,9,3,0,N/a,N/a,341,1165,7,3,0,4,0,399,0,5,2,1,0,35,15,12,55.6,€2M
Mads Hermansen,DEN,Leicester City,GK,24-295,27,27,"2,385",0,0,1,0,0.0,0.0,0,1,0,0.0,0.0,0.0,0.0,2.19,64.5,3.7,25.0,N/a,0.0,N/a,N/a,654,61.0,17066,97.4,94.8,32.7,0,20,1,0,1,3,0.11,0,0.0,1,1,1,0,1,0,1,0,1147,831,1106,43,0,0,1,100.0,0.0,734,1904,0,0,0,1,0,625,0,0,3,0,0,17,4,1,80.0,€19.8M
Malo Gusto,FRA,Chelsea,DF,21-348,28,19,"1,819",0,1,4,0,1.7,1.2,48,118,84,0.0,0.05,0.08,0.06,N/a,N/a,N/a,N/a,18.2,0.2,0.00,21.3,1168,86.4,19089,93.1,88.2,61.3,20,107,18,6,118,56,2.77,4,0.2,43,28,47,23,29,8,21,23,1553,57,375,752,438,42,15,26.7,66.7,861,2170,48,35,8,16,17,1047,84,20,18,2,51,114,8,15,34.8,€32.8M
Manuel Akanji,SUI,Manchester City,DF,29-287,22,20,"1,711",0,0,3,0,0.7,0.4,38,135,6,0.0,0.0,0.04,0.02,N/a,N/a,N/a,N/a,10.0,0.05,0.00,16.3,1395,93.9,22867,95.9,95.5,73.9,9,150,11,2,135,34,1.79,2,0.11,15,10,12,5,11,8,3,7,1598,108,472,776,352,11,2,100.0,0.0,1044,3286,38,52,0,4,5,1264,6,16,9,0,11,86,24,29,45.3,€42.8M
Marc Cucurella,ESP,Chelsea,DF,26-284,32,29,"2,628",4,1,10,1,2.6,1.9,30,104,108,0.14,0.03,0.09,0.06,N/a,N/a,N/a,N/a,40.9,0.31,0.18,16.5,1529,88.0,24117,93.9,90.0,57.4,18,108,12,3,104,46,1.58,5,0.17,58,38,50,25,40,13,27,23,2014,100,603,933,486,72,13,30.8,53.8,864,2105,30,17,2,26,6,1259,108,33,32,3,29,110,29,51,36.3,€39.4M
Marc Guéhi,ENG,Crystal Palace,DF,24-293,32,32,"2,879",3,2,9,1,1.9,1.2,22,126,8,0.09,0.06,0.06,0.04,N/a,N/a,N/a,N/a,50.0,0.22,0.21,10.3,1377,83.3,26335,91.1,88.8,55.3,12,127,11,3,126,38,1.19,5,0.16,56,31,45,15,53,22,31,25,1994,292,987,881,137,31,14,78.6,14.3,1065,2804,22,17,1,16,16,1243,8,22,26,1,13,135,66,50,56.9,€54.2M
Marcos Senesi,ARG,Bournemouth,DF,27-357,15,12,"1,014",0,0,5,0,0.8,0.2,12,51,5,0.0,0.0,0.07,0.02,N/a,N/a,N/a,N/a,0.0,0.0,0.00,6.0,493,76.6,10211,88.0,85.9,49.7,3,73,12,3,51,16,1.42,1,0.09,35,21,30,16,15,7,8,11,783,67,349,376,67,12,9,55.6,44.4,483,1465,12,14,0,6,5,493,5,19,7,0,10,67,23,27,46.0,€20.4M
Marcus Rashford,ENG,Manchester Utd,"FW,MF",27-183,15,12,978,4,1,2,0,1.7,2.1,20,21,79,0.37,0.09,0.16,0.19,N/a,N/a,N/a,N/a,56.3,0.83,0.25,16.4,253,73.8,3508,83.6,65.9,50.0,15,13,16,8,21,29,2.67,1,0.09,7,4,9,6,8,0,8,4,440,3,35,189,222,34,39,23.1,66.7,293,728,20,19,12,14,6,341,79,8,7,7,27,24,5,7,41.7,€53.6M
Marcus Tavernier,ENG,Bournemouth,"FW,MF",26-041,25,16,"1,580",3,5,5,0,5.2,2.8,39,99,103,0.17,0.28,0.3,0.16,N/a,N/a,N/a,N/a,31.3,0.85,0.06,20.5,530,72.4,8961,85.9,78.2,43.6,36,61,29,9,99,82,4.67,10,0.57,39,23,25,16,15,3,12,4,956,18,108,358,511,49,52,42.3,51.9,540,1569,39,37,7,36,43,612,103,25,20,4,89,96,24,31,43.6,€24.4M
Mark Flekken,NED,Brentford,GK,31-323,33,33,"2,915",0,2,1,0,0.0,0.6,0,0,0,0.0,0.06,0.0,0.02,1.48,74.2,18.2,0.0,N/a,0.0,N/a,N/a,1144,73.3,33942,97.9,97.5,50.2,3,45,2,0,0,8,0.25,2,0.06,4,4,9,6,2,0,2,0,1661,1304,1614,52,0,0,1,100.0,0.0,1011,2907,0,0,0,3,0,920,0,0,3,0,0,36,4,0,100.0,€13.6M
Martin Dúbravka,SVK,Newcastle Utd,GK,36-107,10,10,900,0,0,0,0,0.0,0.0,0,0,0,0.0,0.0,0.0,0.0,1.20,70.7,50.0,N/a,N/a,0.0,N/a,N/a,265,79.6,5932,100.0,100.0,40.2,0,0,0,0,0,0,0.0,0,0.0,0,0,0,0,0,0,0,0,350,262,337,14,0,0,0,N/a,N/a,202,643,0,0,0,0,0,175,0,0,1,0,0,18,4,0,100.0,€1.3M
Martin Ødegaard,NOR,Arsenal,MF,26-136,26,23,"2,040",2,6,4,0,4.4,4.6,79,231,142,0.09,0.26,0.2,0.2,N/a,N/a,N/a,N/a,31.7,0.57,0.02,18.7,1099,82.6,17070,90.3,87.1,53.0,56,115,78,5,231,112,4.95,13,0.57,19,11,24,20,4,0,4,4,1494,6,98,625,785,104,54,40.7,55.6,1031,3279,79,72,23,28,38,1188,142,10,20,1,80,86,8,7,53.3,€126.5M
Mateus Fernandes,POR,Southampton,MF,20-296,32,30,"2,584",2,3,8,0,3.7,2.6,72,130,99,0.07,0.1,0.13,0.09,N/a,N/a,N/a,N/a,36.8,0.49,0.05,18.6,977,79.7,16522,87.9,85.4,54.9,30,89,21,4,130,68,2.37,6,0.21,81,43,61,31,39,5,34,21,1577,57,336,774,503,45,96,44.8,45.8,814,2926,72,65,8,50,33,976,99,40,52,3,102,162,13,9,59.1,€22.5M
Matheus Cunha,BRA,Wolves,"MF,FW",25-340,29,26,"2,341",15,6,3,0,7.9,7.3,103,129,144,0.58,0.23,0.3,0.28,N/a,N/a,N/a,N/a,42.1,1.54,0.16,20.6,727,72.0,11575,85.3,75.8,45.6,51,88,54,10,129,117,4.5,16,0.62,35,21,35,24,19,1,18,16,1393,22,171,643,627,113,126,45.2,43.7,800,3062,103,88,35,70,47,939,144,39,69,8,120,120,10,27,27.0,€62.6M
Matheus Nunes,POR,Manchester City,"DF,MF",26-248,23,16,"1,404",1,5,4,0,0.9,4.2,56,66,151,0.06,0.32,0.06,0.27,N/a,N/a,N/a,N/a,42.9,0.19,0.14,18.3,885,86.5,13810,91.4,88.7,66.2,21,43,25,7,66,39,2.5,6,0.38,28,18,31,18,14,3,11,12,1166,35,207,442,522,53,33,45.5,39.4,717,1991,56,26,22,27,11,842,151,28,14,6,37,57,13,15,46.4,€42.3M
Matt Doherty,IRL,Wolves,DF,33-106,27,22,"1,901",2,1,6,0,1.0,1.5,29,75,39,0.09,0.05,0.05,0.07,N/a,N/a,N/a,N/a,30.0,0.14,0.20,11.4,974,82.6,18234,90.1,86.7,62.4,11,87,14,1,75,24,1.14,3,0.14,36,20,22,7,26,15,11,21,1394,115,542,690,179,25,20,55.0,30.0,730,2034,29,19,4,11,5,883,39,18,11,2,18,98,48,19,71.6,€4.2M
Matthijs de Ligt,NED,Manchester Utd,DF,25-263,28,24,"2,089",2,0,3,0,2.5,0.3,7,55,6,0.09,0.0,0.11,0.01,N/a,N/a,N/a,N/a,50.0,0.39,0.11,7.9,1225,90.1,21549,94.1,94.5,50.5,6,63,2,1,55,14,0.6,1,0.04,30,22,32,9,29,21,8,33,1584,181,813,722,56,29,4,50.0,50.0,1063,2219,7,3,0,5,3,1142,6,16,12,2,6,66,57,29,66.3,€52.2M
Matty Cash,POL,Aston Villa,DF,27-268,23,20,"1,710",1,1,6,0,0.3,1.1,44,38,70,0.05,0.05,0.02,0.06,N/a,N/a,N/a,N/a,40.0,0.21,0.10,19.0,607,78.6,10099,89.7,79.8,49.4,10,36,8,4,38,22,1.16,2,0.11,46,26,33,10,17,6,11,21,963,70,350,382,242,37,32,46.9,43.8,479,1576,44,33,4,17,6,547,70,24,15,1,30,61,17,19,47.2,€32.9M
Matz Sels,BEL,Nott'ham Forest,GK,33-065,34,34,"3,060",0,0,3,0,0.0,0.0,0,1,0,0.0,0.0,0.0,0.0,1.21,73.8,38.2,0.0,N/a,0.0,N/a,N/a,454,50.5,17284,100.0,97.8,36.6,1,39,2,0,1,6,0.18,0,0.0,1,1,1,0,0,0,0,0,990,757,975,15,0,0,0,N/a,N/a,483,1485,0,0,0,0,0,383,0,0,10,0,0,11,14,2,87.5,€9.1M
Max Kilman,ENG,West Ham,DF,27-344,34,34,"2,988",0,1,4,0,1.4,1.2,29,106,6,0.0,0.03,0.04,0.04,N/a,N/a,N/a,N/a,18.2,0.06,0.00,8.4,1511,86.9,29227,92.2,92.8,58.4,16,100,4,0,106,28,0.84,3,0.09,30,17,23,4,55,37,18,37,2113,428,1178,848,103,30,20,70.0,10.0,1119,2917,29,12,2,16,2,1404,6,17,12,2,3,135,101,48,67.8,€36.7M
Maxence Lacroix,FRA,Crystal Palace,DF,25-026,31,31,"2,756",1,1,5,0,2.8,0.8,8,59,7,0.03,0.03,0.09,0.02,N/a,N/a,N/a,N/a,20.0,0.16,0.04,11.8,1093,81.9,22521,85.3,90.9,55.3,6,66,2,1,59,26,0.85,4,0.13,67,40,47,15,41,16,25,50,1737,314,1060,612,72,36,13,61.5,23.1,931,1946,8,4,0,21,3,1024,7,31,18,1,6,121,54,44,55.1,€27.7M
Micky van de Ven,NED,Tottenham,DF,24-013,12,11,950,0,2,4,0,0.6,1.2,8,51,1,0.0,0.19,0.05,0.11,N/a,N/a,N/a,N/a,33.3,0.19,0.00,11.1,706,91.0,13313,91.7,96.5,62.5,2,50,1,0,51,11,1.04,2,0.19,10,6,14,6,9,6,3,10,862,101,442,393,36,9,8,50.0,50.0,599,1388,8,10,1,5,4,629,1,10,8,0,0,61,19,18,51.4,€61.8M
Mikel Merino,ESP,Arsenal,"MF,FW",28-314,25,15,"1,401",6,2,2,0,4.4,1.9,9,61,86,0.39,0.13,0.28,0.12,N/a,N/a,N/a,N/a,37.5,0.77,0.19,10.5,412,77.9,5686,87.0,78.3,53.3,15,33,24,4,61,39,2.51,4,0.26,38,22,29,14,17,5,12,13,709,35,127,300,291,72,17,41.2,35.3,349,638,9,12,4,21,22,460,86,35,20,7,12,76,57,52,52.3,€40.5M
Mikkel Damsgaard,DEN,Brentford,"MF,FW",24-303,34,30,"2,578",2,10,2,0,2.6,7.7,63,208,117,0.07,0.35,0.09,0.27,N/a,N/a,N/a,N/a,21.9,0.24,0.06,17.5,981,72.9,16868,85.6,73.2,53.6,57,149,66,17,208,112,3.91,21,0.73,74,41,70,43,34,2,32,25,1657,34,303,754,622,70,90,52.2,35.6,942,2666,63,42,9,53,43,1098,117,17,26,6,122,156,12,25,32.4,€28.6M
Milos Kerkez,HUN,Bournemouth,DF,21-176,34,34,"2,987",2,5,4,0,0.5,3.4,93,143,163,0.06,0.15,0.02,0.1,N/a,N/a,N/a,N/a,29.4,0.15,0.12,20.4,1175,75.2,18321,89.1,77.9,36.5,31,79,35,22,143,75,2.26,9,0.27,49,26,36,14,36,11,25,40,1915,104,494,805,639,57,44,45.5,31.8,952,3268,93,65,15,43,18,1032,163,27,44,1,120,153,25,46,35.2,€61.5M
Mohamed Salah,EGY,Liverpool,FW,32-321,34,34,"3,011",28,18,1,0,23.9,12.8,142,129,425,0.84,0.54,0.71,0.38,N/a,N/a,N/a,N/a,42.3,1.4,0.17,14.8,811,71.3,12057,83.7,69.9,58.9,80,49,82,13,129,153,4.57,26,0.78,20,11,16,9,11,0,11,7,1526,10,88,464,993,320,123,44.7,52.0,1046,3303,142,54,113,105,62,1276,425,22,33,16,67,93,9,12,42.9,€38.5M
Mohammed Kudus,GHA,West Ham,"FW,MF",24-273,28,28,"2,331",4,2,1,1,6.5,2.3,88,74,194,0.15,0.08,0.25,0.09,N/a,N/a,N/a,N/a,29.9,0.77,0.06,15.6,640,83.6,10429,90.0,89.3,68.5,27,42,26,12,74,95,3.67,6,0.23,33,19,27,17,23,1,22,4,1141,12,158,466,558,115,188,44.7,46.3,748,2317,88,56,39,66,88,888,194,35,58,18,70,125,10,35,22.2,€61.7M
Moisés Caicedo,ECU,Chelsea,MF,23-181,34,34,"2,991",1,2,10,0,0.8,2.9,38,194,33,0.03,0.06,0.02,0.09,N/a,N/a,N/a,N/a,16.7,0.09,0.06,25.1,1792,89.7,31004,92.2,92.5,77.8,28,215,31,2,194,90,2.71,7,0.21,100,63,80,30,44,9,35,47,2340,85,502,1442,421,12,54,42.6,35.2,1308,2919,38,28,2,35,23,1642,33,61,54,0,8,197,30,15,66.7,€80.7M
Morgan Gibbs-White,ENG,Nott'ham Forest,MF,25-095,30,30,"2,451",5,7,10,1,4.7,4.5,63,145,116,0.18,0.26,0.17,0.16,N/a,N/a,N/a,N/a,34.0,0.66,0.09,17.0,861,78.1,13222,85.1,81.0,58.1,46,114,35,7,145,101,3.71,17,0.62,39,18,30,15,15,4,11,18,1424,33,169,718,560,86,74,40.5,45.9,812,2352,63,46,12,66,39,1072,116,33,36,7,37,115,37,47,44.0,€61.7M
Morgan Rogers,ENG,Aston Villa,"FW,MF",22-280,33,33,"2,763",8,8,9,0,6.1,6.9,102,113,171,0.26,0.26,0.2,0.22,N/a,N/a,N/a,N/a,36.5,0.62,0.15,15.8,606,73.9,8871,81.4,76.6,80.0,45,69,51,2,113,95,3.1,13,0.42,35,18,38,20,24,7,17,5,1229,36,182,535,537,133,145,41.4,45.5,718,2908,102,62,32,102,67,866,171,46,47,2,21,103,11,43,20.4,€69M
Murillo,BRA,Nott'ham Forest,DF,22-302,33,33,"2,928",1,0,5,0,1.4,1.1,20,102,5,0.03,0.0,0.04,0.03,N/a,N/a,N/a,N/a,21.7,0.15,0.04,22.5,1015,77.9,20088,90.1,87.4,48.5,13,116,12,1,102,37,1.14,2,0.06,52,36,45,19,66,43,23,30,1728,384,885,764,93,20,33,78.8,21.2,736,2203,20,24,1,18,10,874,5,25,4,0,12,129,42,19,68.9,€68.4M
Myles Lewis-Skelly,ENG,Arsenal,DF,18-218,19,12,"1,078",1,0,2,2,0.1,0.3,29,57,32,0.08,0.0,0.01,0.03,N/a,N/a,N/a,N/a,50.0,0.08,0.50,14.3,549,90.7,8096,95.7,90.8,63.2,6,54,8,1,57,21,1.75,0,0.0,21,14,9,0,1,0,1,6,705,18,124,386,208,14,26,46.2,34.6,402,1332,29,21,5,9,8,482,32,10,35,0,8,42,7,7,50.0,€34.9M
Nathan Collins,IRL,Brentford,DF,24-002,34,34,"3,060",2,3,5,0,2.5,2.0,28,113,18,0.06,0.09,0.07,0.06,N/a,N/a,N/a,N/a,35.3,0.18,0.12,10.8,1535,85.8,29284,87.9,92.4,59.7,10,98,7,2,113,30,0.88,8,0.24,36,21,31,10,69,49,20,31,2197,355,1151,895,161,65,12,50.0,41.7,1146,3686,28,10,0,17,8,1328,18,24,25,6,7,148,109,59,64.9,€33.3M
Neco Williams,WAL,Nott'ham Forest,DF,24-019,31,24,"2,234",1,2,6,0,2.2,1.4,57,75,82,0.04,0.08,0.09,0.06,N/a,N/a,N/a,N/a,18.2,0.24,0.03,19.7,695,75.6,10381,89.9,71.8,39.8,15,53,18,7,75,44,1.77,5,0.2,73,44,70,27,39,9,30,24,1300,139,478,459,380,36,42,40.5,42.9,527,1800,57,26,14,25,17,601,82,22,37,1,43,94,35,28,55.6,€23.4M
Nick Pope,ENG,Newcastle Utd,GK,33-013,24,24,"2,160",0,0,2,0,0.0,0.0,0,1,0,0.0,0.0,0.0,0.0,1.33,70.5,29.2,50.0,N/a,0.0,N/a,N/a,484,72.5,12485,99.0,98.4,42.6,1,2,0,0,1,5,0.21,0,0.0,0,0,0,0,1,0,1,1,747,596,737,10,0,0,0,N/a,N/a,388,1475,0,0,0,0,1,263,0,2,5,0,0,19,11,1,91.7,€11.7M
Nicolas Jackson,SEN,Chelsea,FW,23-316,28,26,"2,114",10,5,7,0,12.2,4.3,46,37,125,0.43,0.21,0.52,0.18,N/a,N/a,N/a,N/a,43.2,1.36,0.14,12.7,291,76.2,3909,81.9,78.0,64.3,28,22,10,1,37,68,2.9,10,0.43,19,11,8,5,13,2,11,3,658,19,46,272,349,137,59,30.5,50.8,401,1293,46,24,30,65,39,490,125,32,29,19,3,44,18,35,34.0,€66.2M
Nicolás Domínguez,ARG,Nott'ham Forest,"MF,FW",26-308,30,19,"1,669",0,1,8,0,1.4,1.3,12,66,26,0.0,0.05,0.08,0.07,N/a,N/a,N/a,N/a,38.9,0.38,0.00,19.0,708,87.0,10227,91.7,89.8,58.3,13,71,9,1,66,32,1.73,0,0.0,75,40,64,35,34,11,23,27,1048,69,268,542,247,25,8,37.5,37.5,394,782,12,11,2,18,9,571,26,29,15,1,5,102,21,19,52.5,€18.8M
Nikola Milenković,SRB,Nott'ham Forest,DF,27-202,33,33,"2,970",4,2,4,0,3.6,0.8,3,49,6,0.12,0.06,0.11,0.03,N/a,N/a,N/a,N/a,26.9,0.21,0.15,12.1,730,80.8,14593,86.9,86.8,60.5,7,48,2,0,49,18,0.55,3,0.09,43,26,27,6,39,23,16,24,1228,231,672,479,81,58,1,100.0,0.0,471,955,3,3,2,2,2,618,6,17,4,1,0,74,92,36,71.9,€38M
Noni Madueke,ENG,Chelsea,FW,23-053,28,23,"1,723",7,3,3,0,8.2,3.9,133,63,208,0.37,0.16,0.43,0.2,N/a,N/a,N/a,N/a,41.1,1.57,0.10,14.6,452,77.5,6706,86.5,76.1,56.4,28,12,33,8,63,72,3.76,8,0.42,22,15,33,20,14,0,14,8,837,18,83,237,531,163,84,42.9,46.4,562,2970,133,43,80,41,24,646,208,20,24,4,58,67,10,15,40.0,€51.6M
Noussair Mazraoui,MAR,Manchester Utd,DF,27-169,34,31,"2,639",0,1,2,0,0.7,1.3,37,102,51,0.0,0.03,0.02,0.05,N/a,N/a,N/a,N/a,23.1,0.1,0.00,20.6,1409,85.5,21053,91.3,89.1,54.3,18,118,18,5,102,50,1.71,1,0.03,102,60,85,34,33,8,25,34,1976,158,779,903,318,27,47,55.3,36.2,1086,2680,37,29,3,23,16,1190,51,37,22,3,20,141,47,28,62.7,€43M
Nélson Semedo,POR,Wolves,DF,31-167,30,29,"2,576",0,4,7,0,0.8,2.7,61,70,107,0.0,0.14,0.03,0.09,N/a,N/a,N/a,N/a,40.0,0.21,0.00,24.2,962,80.1,14666,91.1,82.8,47.0,21,63,25,11,70,51,1.78,6,0.21,55,31,49,21,27,10,17,22,1522,113,433,695,412,23,62,45.2,41.9,780,2309,61,36,9,37,19,873,107,43,27,3,57,116,27,40,40.3,€8.4M
Ola Aina,NGA,Nott'ham Forest,DF,28-206,31,31,"2,643",2,1,2,0,0.6,1.0,56,95,55,0.07,0.03,0.02,0.03,N/a,N/a,N/a,N/a,22.2,0.07,0.22,24.8,866,73.2,13394,88.2,73.3,36.5,13,78,18,8,95,55,1.87,3,0.1,55,41,62,26,32,12,20,31,1509,143,555,627,353,21,65,46.2,36.9,655,2437,56,37,10,40,22,718,55,21,33,2,46,166,12,18,40.0,€18.8M
Oliver Skipp,ENG,Leicester City,MF,24-228,20,7,907,0,0,7,0,0.2,0.3,15,29,18,0.0,0.0,0.02,0.03,N/a,N/a,N/a,N/a,25.0,0.1,0.00,21.0,352,84.6,5339,87.8,93.1,62.1,9,28,4,0,29,14,1.39,0,0.0,17,4,14,6,15,3,12,9,503,23,111,316,80,7,11,54.5,45.5,295,576,15,7,3,11,5,350,18,17,13,0,4,37,10,5,66.7,€17M
Ollie Watkins,ENG,Aston Villa,FW,29-123,34,27,"2,263",15,7,2,0,14.5,2.9,50,28,143,0.6,0.28,0.58,0.12,N/a,N/a,N/a,N/a,42.1,1.27,0.17,12.2,277,73.7,3489,78.8,81.1,75.0,22,11,11,0,28,50,1.99,11,0.44,9,6,11,8,11,3,8,7,620,17,46,223,360,153,38,23.7,65.8,363,1022,50,21,35,51,44,486,143,27,29,12,7,39,46,61,43.0,€61.4M
Omar Marmoush,EGY,Manchester City,"FW,MF",26-084,12,11,916,6,0,0,0,4.7,1.7,20,26,63,0.59,0.0,0.46,0.17,N/a,N/a,N/a,N/a,44.4,1.57,0.17,18.1,192,78.4,2647,84.6,79.7,50.0,13,8,22,4,26,33,3.24,1,0.1,11,6,14,7,14,1,13,5,389,2,27,114,253,52,35,40.0,48.6,249,730,20,14,11,34,13,282,63,13,17,9,25,29,5,8,38.5,€79.1M
Orel Mangala,BEL,Everton,MF,27-045,19,14,"1,261",1,0,2,0,1.1,0.6,6,34,19,0.07,0.0,0.08,0.05,N/a,N/a,N/a,N/a,37.5,0.43,0.06,22.1,437,89.2,6998,90.5,94.9,76.7,8,50,8,1,34,24,1.72,1,0.07,16,8,8,3,8,3,5,21,621,22,133,335,157,13,24,58.3,37.5,298,576,6,6,3,12,12,406,19,24,17,2,6,49,6,8,42.9,€24.4M
Pape Matar Sarr,SEN,Tottenham,MF,22-230,32,18,"1,636",3,2,6,0,3.3,1.5,29,79,50,0.17,0.11,0.18,0.08,N/a,N/a,N/a,N/a,41.9,0.72,0.10,21.7,824,87.3,12681,91.4,90.4,72.9,14,82,10,2,79,40,2.2,6,0.33,42,30,23,12,23,9,14,24,1134,35,238,635,279,26,25,44.0,48.0,724,1760,29,31,5,26,21,812,50,28,31,2,14,105,24,36,40.0,€50.8M
Pau Torres,ESP,Aston Villa,DF,28-106,20,20,"1,729",0,0,1,0,0.5,0.1,33,74,4,0.0,0.0,0.03,0.0,N/a,N/a,N/a,N/a,25.0,0.1,0.00,11.7,1032,88.3,17916,94.7,93.1,51.2,2,93,7,0,74,12,0.62,2,0.1,20,14,15,6,14,10,4,9,1293,209,626,595,78,15,17,88.2,11.8,803,3503,33,20,0,3,3,923,4,6,7,0,1,53,16,22,42.1,€45.3M
Paul Onuachu,NGA,Southampton,FW,30-339,23,11,984,4,1,4,0,3.3,0.5,7,12,39,0.37,0.09,0.3,0.04,N/a,N/a,N/a,N/a,43.8,1.28,0.13,10.4,151,61.4,2135,63.8,61.3,63.2,8,13,2,0,12,9,0.82,1,0.09,7,2,7,4,6,1,5,1,410,15,41,220,152,60,25,28.0,56.0,198,237,7,5,2,46,33,336,39,26,15,9,0,17,88,54,62.0,€12.7M
Pedro Neto,POR,Chelsea,FW,25-054,31,20,"1,923",4,4,8,0,2.8,5.4,110,56,220,0.19,0.19,0.13,0.25,N/a,N/a,N/a,N/a,31.4,0.75,0.08,18.9,618,78.5,10072,92.8,81.3,47.8,42,28,33,21,56,83,3.88,7,0.33,21,9,18,11,12,2,10,8,1008,11,87,295,642,102,91,31.9,44.0,655,2841,110,51,38,39,24,734,220,18,29,3,131,70,10,26,27.8,€60.6M
Pedro Porro,ESP,Tottenham,DF,25-231,31,26,"2,463",2,6,4,0,1.5,4.0,63,147,106,0.07,0.22,0.06,0.15,N/a,N/a,N/a,N/a,21.6,0.29,0.05,23.1,1324,73.5,23083,87.5,79.3,44.2,54,120,55,26,147,104,3.8,8,0.29,63,46,73,31,44,17,27,34,2131,124,623,772,749,30,39,33.3,61.5,1132,2677,63,40,5,23,17,1229,106,24,30,1,191,148,11,22,33.3,€55.9M
Pervis Estupiñán,ECU,Brighton,DF,27-101,27,23,"2,132",1,1,5,0,0.9,2.1,55,115,104,0.04,0.04,0.04,0.09,N/a,N/a,N/a,N/a,31.8,0.3,0.05,25.1,1205,83.3,18325,93.5,83.2,50.0,24,94,31,18,115,50,2.11,4,0.17,54,36,44,15,16,2,14,30,1702,68,424,843,452,29,29,51.7,44.8,914,2355,55,53,9,30,25,1035,104,33,16,3,111,135,41,26,61.2,€37.1M
Phil Foden,ENG,Manchester City,"MF,FW",24-339,25,19,"1,686",7,2,2,0,5.1,4.7,47,95,119,0.37,0.11,0.27,0.25,N/a,N/a,N/a,N/a,30.8,0.85,0.13,18.5,742,84.0,11563,90.6,89.2,59.6,42,40,35,5,95,84,4.48,9,0.48,12,5,17,10,12,1,11,9,1074,13,81,374,628,79,39,33.3,53.8,676,1674,47,30,15,35,30,840,119,5,31,3,73,58,3,8,27.3,€105.7M
Rasmus Højlund,DEN,Manchester Utd,FW,22-087,29,20,"1,744",4,0,2,0,3.8,1.3,26,16,83,0.21,0.0,0.2,0.06,N/a,N/a,N/a,N/a,40.0,0.52,0.16,12.8,224,76.7,2426,82.9,71.7,80.0,14,12,5,1,16,30,1.55,1,0.05,3,1,4,4,5,0,5,1,447,6,31,223,201,58,29,31.0,62.1,275,625,26,13,16,57,27,352,83,15,26,11,6,30,23,82,21.9,€54.9M
Raúl Jiménez,MEX,Fulham,FW,33-362,34,26,"2,134",10,3,4,0,11.2,2.9,32,55,117,0.42,0.13,0.47,0.12,N/a,N/a,N/a,N/a,32.5,1.14,0.08,14.3,409,71.4,6193,81.2,74.5,61.2,17,34,10,3,55,54,2.28,6,0.25,28,18,18,12,19,5,14,9,884,30,106,377,414,148,45,40.0,53.3,496,982,32,20,17,61,41,652,117,35,36,14,20,70,72,83,46.5,€5.1M
Riccardo Calafiori,ITA,Arsenal,DF,22-348,17,11,925,2,1,4,0,0.9,0.3,21,54,29,0.19,0.1,0.08,0.03,N/a,N/a,N/a,N/a,60.0,0.58,0.20,14.1,449,85.4,6549,91.6,85.7,67.9,6,40,9,1,54,13,1.26,2,0.19,26,18,29,11,12,6,6,9,628,30,161,249,222,29,13,69.2,23.1,291,839,21,12,3,11,5,377,29,16,6,3,11,30,22,13,62.9,€49.3M
Rico Lewis,ENG,Manchester City,"DF,MF",20-162,26,20,"1,810",1,2,5,1,1.4,0.3,36,103,68,0.05,0.1,0.07,0.02,N/a,N/a,N/a,N/a,20.0,0.1,0.10,15.8,1139,92.0,16444,94.8,94.2,68.3,7,92,13,0,103,31,1.54,3,0.15,29,19,21,8,27,7,20,13,1399,51,286,702,426,42,21,42.9,52.4,815,2032,36,38,8,19,19,1002,68,10,33,0,3,93,5,13,27.8,€62.7M
Robert Sánchez,ESP,Chelsea,GK,27-165,28,28,"2,520",0,0,5,0,0.0,0.1,0,1,0,0.0,0.0,0.0,0.0,1.11,76.7,28.6,20.0,N/a,0.0,N/a,N/a,790,72.1,18908,99.5,96.3,38.9,2,24,1,0,1,7,0.25,2,0.07,0,0,1,1,0,0,0,2,1163,856,1152,11,0,0,0,N/a,N/a,777,2394,0,0,0,0,0,724,0,2,4,0,0,41,8,0,100.0,€24.9M
Rodrigo Bentancur,URU,Tottenham,MF,27-311,23,19,"1,518",2,0,7,0,1.3,0.4,26,99,34,0.12,0.0,0.08,0.03,N/a,N/a,N/a,N/a,22.7,0.3,0.09,17.4,916,88.1,14862,91.1,92.7,75.4,10,107,12,2,99,45,2.67,3,0.18,38,20,39,20,24,8,16,36,1252,70,299,747,215,24,18,44.4,44.4,739,1446,26,23,5,18,19,826,34,31,10,1,4,111,35,27,56.5,€31.5M
Rodrigo Muniz,BRA,Fulham,FW,23-363,31,8,964,8,1,1,0,5.8,0.7,6,27,31,0.75,0.09,0.54,0.07,N/a,N/a,N/a,N/a,48.7,1.77,0.21,12.0,92,64.8,1540,67.6,68.9,84.6,7,13,3,0,27,17,1.59,2,0.19,10,5,4,0,9,2,7,5,311,14,27,161,127,55,18,33.3,50.0,157,187,6,4,3,47,24,237,31,11,31,3,1,14,67,63,51.5,€8.2M
Ryan Christie,SCO,Bournemouth,MF,30-069,29,27,"2,117",2,3,9,0,1.8,3.5,34,137,44,0.09,0.13,0.08,0.15,N/a,N/a,N/a,N/a,36.4,0.51,0.06,19.6,837,79.3,14882,88.2,87.9,48.8,41,118,33,5,137,85,3.62,9,0.38,54,33,64,37,44,11,33,30,1376,74,256,773,372,46,48,47.9,45.8,726,1773,34,40,8,44,25,777,44,43,31,1,48,182,20,28,41.7,€16.2M
Ryan Gravenberch,NED,Liverpool,MF,22-351,34,34,"2,921",0,4,5,0,1.0,2.9,65,168,54,0.0,0.12,0.03,0.09,N/a,N/a,N/a,N/a,27.8,0.15,0.00,24.7,1595,88.9,23774,92.5,91.7,60.8,25,140,32,1,168,65,2.0,6,0.18,65,34,51,21,34,10,24,57,2176,104,446,1274,485,23,75,48.0,37.3,1286,3408,65,71,9,48,21,1548,54,42,46,0,6,182,26,14,65.0,€85.3M
Ryan Manning,IRL,Southampton,"DF,MF",28-322,22,17,"1,369",0,1,2,0,0.3,3.0,13,32,70,0.0,0.07,0.02,0.2,N/a,N/a,N/a,N/a,14.3,0.07,0.00,20.8,572,78.1,9545,92.4,81.3,45.0,30,26,11,8,32,45,2.96,3,0.2,28,17,26,12,19,11,8,16,884,67,237,360,296,21,33,33.3,42.4,446,887,13,13,4,17,5,528,70,19,30,0,77,62,13,5,72.2,€3.9M
Ryan Yates,ENG,Nott'ham Forest,MF,27-162,31,18,"1,859",2,1,9,0,2.3,1.1,17,48,14,0.1,0.05,0.11,0.06,N/a,N/a,N/a,N/a,28.1,0.44,0.06,19.2,588,81.7,8727,87.8,85.8,57.4,17,47,4,0,48,35,1.69,3,0.15,41,21,37,20,35,9,26,26,993,75,262,485,256,40,18,50.0,27.8,407,879,17,18,1,23,18,523,14,52,48,6,5,93,43,30,58.9,€18.3M
Rúben Dias,POR,Manchester City,DF,27-353,23,21,"1,911",0,0,4,0,1.4,0.3,34,120,6,0.0,0.0,0.07,0.01,N/a,N/a,N/a,N/a,29.4,0.24,0.00,18.4,1852,93.3,31998,96.9,96.2,66.4,5,178,5,0,120,22,1.04,1,0.05,15,9,9,3,17,14,3,18,2133,188,711,1175,251,22,3,66.7,33.3,1524,5097,34,53,1,6,1,1738,6,11,8,0,3,65,30,29,50.8,€58.5M
Sam Morsy,EGY,Ipswich Town,MF,33-234,29,27,"2,419",1,1,9,0,0.3,0.8,14,103,9,0.04,0.04,0.01,0.03,N/a,N/a,N/a,N/a,22.2,0.07,0.11,26.3,1083,86.3,17344,93.3,91.5,57.5,18,127,13,2,103,39,1.45,2,0.07,60,34,56,31,32,13,19,28,1468,85,439,834,209,4,20,60.0,30.0,750,1715,14,20,2,15,10,982,9,44,23,0,12,138,16,23,41.0,€1.3M
Sammie Szmodics,IRL,Ipswich Town,"FW,MF",29-220,19,13,979,4,0,2,0,3.4,0.2,16,18,46,0.37,0.0,0.31,0.02,N/a,N/a,N/a,N/a,57.1,1.1,0.19,14.0,144,74.2,2402,87.0,84.4,51.7,4,10,4,1,18,9,0.83,0,0.0,15,9,23,17,10,2,8,6,309,17,80,119,116,33,12,33.3,50.0,174,399,16,8,7,24,17,189,46,9,8,8,13,41,6,11,35.3,€14.1M
Sander Berge,NOR,Fulham,MF,27-077,27,23,"2,017",0,0,4,0,0.2,0.6,27,110,8,0.0,0.0,0.01,0.03,N/a,N/a,N/a,N/a,0.0,0.0,0.00,7.6,985,91.3,17541,91.6,94.4,84.0,17,104,4,0,110,41,1.83,2,0.09,48,28,37,12,26,8,18,20,1255,75,345,720,196,13,20,55.0,30.0,734,1794,27,22,2,11,15,809,8,27,8,0,3,116,25,20,55.6,€27.8M
Sandro Tonali,ITA,Newcastle Utd,MF,24-359,32,24,"2,270",3,2,5,0,3.6,1.4,33,113,47,0.12,0.08,0.14,0.05,N/a,N/a,N/a,N/a,32.3,0.4,0.10,19.5,1090,83.7,17149,89.8,87.0,61.0,20,87,25,4,113,60,2.38,8,0.32,46,29,43,22,30,10,20,30,1556,60,357,860,365,40,35,54.3,37.1,839,1959,33,33,5,25,23,1076,47,36,40,2,30,162,12,11,52.2,€52.9M
Saša Lukić,SRB,Fulham,MF,28-262,27,25,"2,079",0,2,12,0,1.0,2.6,37,87,29,0.0,0.09,0.04,0.11,N/a,N/a,N/a,N/a,13.3,0.09,0.00,20.9,991,87.8,16673,92.2,92.3,69.2,23,93,14,5,87,50,2.17,3,0.13,62,36,49,30,17,7,10,25,1340,49,290,766,297,15,17,47.1,29.4,749,2013,37,37,4,20,7,861,29,58,25,0,53,103,18,23,43.9,€12.1M
Sepp van den Berg,NED,Brentford,DF,23-133,27,25,"2,226",0,0,2,0,1.7,0.2,9,68,27,0.0,0.0,0.07,0.01,N/a,N/a,N/a,N/a,33.3,0.2,0.00,10.7,914,84.2,15710,87.4,88.6,62.8,4,56,3,1,68,20,0.81,2,0.08,35,22,25,9,48,34,14,20,1376,239,697,524,158,41,7,57.1,42.9,610,1563,9,9,1,14,7,774,27,19,5,1,7,82,83,64,56.5,€26.4M
Stefan Ortega,GER,Manchester City,GK,32-177,13,12,"1,100",0,0,1,0,0.0,0.0,0,0,0,0.0,0.0,0.0,0.0,1.47,68.0,25.0,0.0,N/a,0.0,N/a,N/a,373,81.3,8327,97.1,96.9,51.3,0,6,0,0,0,0,0.0,0,0.0,0,0,1,1,0,0,0,0,492,383,489,3,0,0,0,N/a,N/a,323,864,0,0,0,0,0,309,0,1,2,0,0,8,2,0,100.0,€5.8M
Stephy Mavididi,ENG,Leicester City,FW,26-336,30,16,"1,615",4,1,2,0,1.8,2.6,91,57,138,0.22,0.06,0.1,0.15,N/a,N/a,N/a,N/a,26.9,0.39,0.15,16.1,460,75.0,6191,91.1,67.4,41.9,22,32,26,7,57,50,2.78,7,0.39,34,19,42,28,26,2,24,11,863,23,132,327,421,61,95,36.8,49.5,583,2355,91,40,27,39,35,623,138,18,18,3,69,83,9,15,37.5,€12.9M
Sávio,BRA,Manchester City,"FW,MF",21-022,27,21,"1,734",1,8,3,0,4.9,6.8,133,66,239,0.05,0.42,0.25,0.35,N/a,N/a,N/a,N/a,38.9,1.09,0.02,17.7,676,80.9,10078,89.8,80.1,57.4,44,19,47,8,66,107,5.55,15,0.78,22,16,18,9,13,2,11,6,1071,14,55,281,754,149,111,45.9,35.1,766,3494,133,44,73,42,37,834,239,17,27,3,81,79,1,2,33.3,€74.8M
Thomas Partey,GHA,Arsenal,"MF,DF",31-323,31,27,"2,437",4,2,4,0,2.0,1.9,31,165,45,0.15,0.07,0.07,0.07,N/a,N/a,N/a,N/a,30.4,0.26,0.17,19.5,1486,87.7,23752,93.0,89.0,67.2,17,146,33,2,165,56,2.07,13,0.48,79,48,68,25,23,7,16,32,1928,64,401,1061,477,27,30,66.7,26.7,1087,3091,31,36,3,20,14,1373,45,39,27,1,12,120,26,21,55.3,€15.2M
Timothy Castagne,BEL,Fulham,DF,29-148,23,17,"1,625",0,1,1,0,0.4,1.2,17,61,67,0.0,0.06,0.02,0.07,N/a,N/a,N/a,N/a,37.5,0.17,0.00,14.0,768,81.8,12239,89.9,85.8,49.3,9,51,5,3,61,25,1.38,3,0.17,46,29,45,19,15,6,9,22,1149,91,444,458,253,32,12,41.7,41.7,542,1043,17,15,2,15,5,657,67,15,6,1,37,55,34,35,49.3,€17.4M
Tosin Adarabioyo,ENG,Chelsea,DF,27-220,20,13,"1,229",1,1,3,0,0.9,0.2,5,37,1,0.07,0.07,0.07,0.02,N/a,N/a,N/a,N/a,16.7,0.15,0.08,12.5,988,91.4,18105,95.7,94.9,61.1,1,53,1,0,37,12,0.88,1,0.07,14,10,12,4,9,7,2,10,1198,160,570,603,26,13,5,80.0,0.0,713,1690,5,2,0,3,0,916,1,8,6,1,0,34,36,26,58.1,€24.3M
Toti Gomes,POR,Wolves,DF,26-106,27,26,"2,254",0,1,6,0,0.7,0.9,21,67,13,0.0,0.04,0.03,0.04,N/a,N/a,N/a,N/a,28.6,0.08,0.00,11.6,1230,85.2,20629,91.6,92.1,50.0,9,71,5,3,67,20,0.8,1,0.04,51,37,35,7,27,17,10,22,1713,198,810,830,92,15,26,65.4,26.9,993,2590,21,18,0,16,13,1163,13,22,14,4,12,95,47,24,66.2,€18.6M
Trent Alexander-Arnold,ENG,Liverpool,DF,26-207,30,27,"2,240",3,6,5,0,1.8,6.7,49,211,87,0.12,0.24,0.07,0.27,N/a,N/a,N/a,N/a,19.0,0.32,0.07,23.5,1357,73.6,26053,89.8,76.1,49.3,50,192,62,20,211,93,3.73,10,0.4,70,49,101,53,25,8,17,30,2111,85,565,942,618,42,31,45.2,48.4,1109,2732,49,35,8,19,15,1342,87,11,7,1,142,126,3,13,18.8,€55.8M
Trevoh Chalobah,ENG,Crystal Palace,DF,25-301,12,12,"1,060",3,0,1,0,1.2,0.4,11,34,6,0.25,0.0,0.1,0.03,N/a,N/a,N/a,N/a,36.4,0.34,0.27,15.1,349,79.0,6831,88.7,85.2,51.2,4,27,2,1,34,11,0.93,0,0.0,20,16,23,11,19,9,10,19,594,66,275,276,51,14,10,60.0,20.0,278,661,11,9,1,4,7,317,6,10,15,1,7,56,22,19,53.7,€20.1M
Tyler Adams,USA,Bournemouth,MF,26-077,24,17,"1,620",0,3,7,0,1.6,0.9,12,61,9,0.0,0.17,0.09,0.05,N/a,N/a,N/a,N/a,25.0,0.11,0.00,16.1,702,82.9,10949,88.2,87.1,55.8,15,53,2,1,61,36,2.0,4,0.22,75,46,63,28,33,10,23,31,1091,52,291,623,189,17,16,18.8,56.3,513,1080,12,17,1,27,12,583,9,41,19,0,3,96,29,17,63.0,€24.4M
Tyler Dibling,ENG,Southampton,"FW,MF",19-051,30,18,"1,697",2,0,6,0,2.5,1.5,67,60,90,0.11,0.0,0.13,0.08,N/a,N/a,N/a,N/a,32.1,0.48,0.07,19.3,462,80.8,6935,90.2,85.1,44.4,20,25,20,1,60,55,2.92,4,0.21,34,20,26,10,19,5,14,8,807,24,106,369,351,40,103,42.7,36.9,520,2096,67,47,26,41,53,604,90,28,48,2,27,74,10,21,32.3,€32.7M
Tyrick Mitchell,ENG,Crystal Palace,DF,25-243,34,34,"2,852",0,4,2,0,1.2,5.6,56,62,160,0.0,0.13,0.04,0.18,N/a,N/a,N/a,N/a,18.2,0.06,0.00,13.4,904,72.2,14514,84.3,74.5,42.3,37,45,31,14,62,66,2.08,5,0.16,85,52,41,20,62,12,50,14,1614,104,560,615,452,42,31,41.9,48.4,742,1555,56,33,9,35,28,827,160,20,22,2,97,152,18,21,46.2,€24.6M
Tyrone Mings,ENG,Aston Villa,DF,32-050,13,11,"1,051",0,0,1,0,0.8,0.2,6,39,0,0.0,0.0,0.07,0.02,N/a,N/a,N/a,N/a,11.1,0.09,0.00,11.8,581,88.6,10405,92.7,94.3,54.0,3,47,5,0,39,17,1.45,2,0.17,6,5,2,0,13,11,2,7,767,139,388,340,43,15,2,100.0,0.0,472,1333,6,12,0,3,1,523,0,3,9,0,1,33,26,21,55.3,€5.8M
Valentino Livramento,ENG,Newcastle Utd,DF,22-171,33,28,"2,480",0,1,1,0,0.2,2.3,72,136,91,0.0,0.04,0.01,0.08,N/a,N/a,N/a,N/a,20.0,0.04,0.00,20.6,1228,85.0,18159,90.7,86.3,56.4,21,94,23,5,136,39,1.42,2,0.07,50,33,54,25,33,10,23,21,1728,105,553,796,404,32,48,43.8,41.7,900,2878,72,37,11,25,34,994,91,6,32,2,44,170,22,30,42.3,€49.3M
Virgil van Dijk,NED,Liverpool,DF,33-298,34,34,"3,060",2,1,3,0,2.0,0.7,18,176,6,0.06,0.03,0.06,0.02,N/a,N/a,N/a,N/a,29.2,0.21,0.08,13.6,2446,91.6,44780,96.0,95.4,67.9,12,265,6,0,176,46,1.35,4,0.12,35,17,20,9,24,13,11,52,3010,400,1203,1664,151,44,5,60.0,40.0,1682,4398,18,20,3,9,5,2063,6,15,12,0,1,108,110,45,71.0,€24.3M
Vitaliy Mykolenko,UKR,Everton,DF,25-338,31,31,"2,722",0,1,2,0,0.4,1.6,31,102,83,0.0,0.03,0.01,0.05,N/a,N/a,N/a,N/a,0.0,0.0,0.00,20.5,874,74.3,14736,88.8,74.1,45.2,20,96,37,22,102,37,1.22,3,0.1,54,32,50,25,24,9,15,36,1489,112,471,641,388,26,20,40.0,45.0,608,1416,31,26,1,20,10,753,83,20,28,3,86,77,44,36,55.0,€33.5M
Vitaly Janelt,GER,Brentford,MF,26-357,32,27,"2,254",1,3,3,0,0.8,2.2,17,80,38,0.04,0.12,0.03,0.09,N/a,N/a,N/a,N/a,28.6,0.16,0.07,17.7,872,82.5,14466,90.6,85.4,55.9,14,78,23,7,80,32,1.28,3,0.12,38,22,36,15,33,9,24,27,1289,118,418,574,306,32,12,25.0,58.3,652,1278,17,18,3,16,10,814,38,24,15,1,30,107,19,11,63.3,€27.1M
Wes Burns,WAL,Ipswich Town,"FW,DF",30-160,18,12,926,0,1,1,0,0.5,1.6,38,8,65,0.0,0.1,0.05,0.16,N/a,N/a,N/a,N/a,14.3,0.1,0.00,18.3,153,60.5,2416,80.4,65.4,38.9,10,8,8,7,8,16,1.55,1,0.1,13,11,10,6,7,2,5,10,350,21,69,129,160,18,24,37.5,58.3,216,696,38,13,10,17,13,220,65,4,11,0,46,50,8,21,27.6,€2.1M
Wesley Fofana,FRA,Chelsea,DF,24-136,14,14,"1,172",0,0,7,0,0.4,0.4,19,32,4,0.0,0.0,0.03,0.03,N/a,N/a,N/a,N/a,0.0,0.0,0.00,10.6,724,90.2,12262,93.9,92.5,61.9,6,54,1,0,32,15,1.15,0,0.0,13,12,14,8,14,9,5,14,933,81,370,523,55,10,15,53.3,20.0,557,1614,19,12,1,16,5,665,4,24,16,0,1,54,27,12,69.2,€30.3M
Wilfred Ndidi,NGA,Leicester City,MF,28-137,25,25,"2,057",0,4,8,0,1.8,1.8,16,64,74,0.0,0.18,0.08,0.08,N/a,N/a,N/a,N/a,40.0,0.35,0.00,14.5,717,79.3,10136,86.6,80.7,51.6,15,61,10,3,64,26,1.14,3,0.13,77,46,51,26,45,19,26,24,1226,112,410,588,238,58,32,40.6,53.1,585,971,16,22,2,34,33,720,74,38,17,3,30,114,53,51,51.0,€20.3M
Will Hughes,ENG,Crystal Palace,MF,30-015,29,21,"1,869",0,3,11,0,1.0,2.7,18,82,24,0.0,0.14,0.05,0.13,N/a,N/a,N/a,N/a,5.3,0.05,0.00,22.6,658,76.1,10532,88.6,82.7,36.7,29,69,14,3,82,61,2.94,6,0.29,61,33,59,32,29,14,15,19,1070,41,253,551,278,14,14,28.6,42.9,469,1120,18,22,1,19,24,594,24,60,30,0,65,107,17,17,50.0,€11.1M
William Saliba,FRA,Arsenal,DF,24-039,32,32,"2,814",2,0,2,1,2.3,0.9,16,134,6,0.06,0.0,0.07,0.03,N/a,N/a,N/a,N/a,33.3,0.06,0.33,5.4,2273,94.2,39201,95.7,96.1,80.4,7,175,6,0,134,26,0.83,1,0.03,58,34,26,6,23,14,9,21,2657,173,1036,1495,141,18,18,66.7,27.8,1642,3937,16,17,1,17,7,2013,6,27,17,1,3,140,57,35,62.0,€79.5M
Wout Faes,BEL,Leicester City,DF,27-029,30,26,"2,455",1,0,4,0,1.4,0.1,12,74,1,0.04,0.0,0.05,0.0,N/a,N/a,N/a,N/a,9.1,0.04,0.09,10.0,1175,87.1,21767,93.4,94.8,52.7,4,76,6,0,74,14,0.51,0,0.0,38,23,42,20,45,33,12,26,1653,270,809,785,67,26,6,83.3,16.7,953,2602,12,13,2,16,6,1085,1,21,9,1,5,84,41,34,54.7,€25M
Yankuba Minteh,GAM,Brighton,"FW,MF",20-284,28,16,"1,498",5,4,6,0,3.7,4.7,68,37,159,0.3,0.24,0.22,0.29,N/a,N/a,N/a,N/a,46.4,0.78,0.18,13.6,283,61.7,4572,77.6,61.6,46.7,25,12,28,7,37,52,3.13,10,0.6,43,31,45,28,17,0,17,10,687,27,122,194,389,118,81,46.9,44.4,392,1681,68,18,54,42,19,405,159,17,9,4,73,73,16,25,39.0,€42.6M
Yasin Ayari,SWE,Brighton,MF,21-208,30,19,"1,737",1,1,3,0,2.2,2.2,30,66,59,0.05,0.05,0.12,0.11,N/a,N/a,N/a,N/a,28.0,0.36,0.04,19.0,707,81.4,10616,91.6,85.0,37.5,28,51,17,4,66,58,3.0,6,0.31,53,29,50,30,22,6,16,20,1103,52,243,560,316,43,41,41.5,36.6,581,1389,30,25,6,32,21,712,59,31,23,3,64,105,13,19,40.6,€21.4M
Yehor Yarmoliuk,UKR,Brentford,MF,21-062,27,11,"1,129",0,0,5,0,0.6,0.4,14,48,43,0.0,0.0,0.05,0.03,N/a,N/a,N/a,N/a,22.2,0.16,0.00,15.9,499,85.6,8728,86.3,88.5,84.4,8,58,6,3,48,21,1.68,2,0.16,37,23,46,23,23,6,17,10,748,51,209,387,167,15,21,47.6,42.9,386,699,14,15,3,24,16,464,43,12,9,2,13,89,8,6,57.1,€18M
Yoane Wissa,COD,Brentford,FW,28-241,31,30,"2,560",17,3,2,0,15.3,1.8,50,57,132,0.6,0.11,0.54,0.06,N/a,N/a,N/a,N/a,46.1,1.23,0.22,13.6,399,76.7,5784,85.7,75.5,59.5,23,41,9,1,57,60,2.11,8,0.28,21,11,25,15,28,7,21,8,822,31,126,334,375,140,44,29.5,50.0,483,1389,50,21,27,65,29,584,132,26,46,14,20,63,28,34,45.2,€31.4M
Youri Tielemans,BEL,Aston Villa,MF,27-360,34,34,"2,915",2,7,4,0,3.0,6.9,37,226,44,0.06,0.22,0.09,0.21,N/a,N/a,N/a,N/a,30.6,0.34,0.06,20.4,1639,82.4,28103,90.1,87.6,53.8,59,221,35,4,226,116,3.58,12,0.37,82,56,72,33,36,15,21,21,2296,97,460,1324,537,41,57,52.6,31.6,1242,2466,37,26,9,30,28,1610,44,40,53,0,115,140,22,18,55.0,€41.5M
Yukinari Sugawara,JPN,Southampton,"DF,MF",24-308,29,15,"1,467",1,1,4,0,0.5,2.2,32,68,76,0.06,0.06,0.03,0.14,N/a,N/a,N/a,N/a,38.5,0.31,0.08,19.2,689,79.9,10831,88.2,82.9,47.9,17,43,21,9,68,39,2.39,1,0.06,29,16,30,12,17,7,10,10,1023,61,306,395,327,29,20,45.0,50.0,553,1354,32,15,7,18,4,692,76,15,9,4,69,40,5,9,35.7,€15.7M
Yves Bissouma,MLI,Tottenham,MF,28-245,24,15,"1,210",2,0,7,0,0.6,0.3,15,71,3,0.15,0.0,0.04,0.02,N/a,N/a,N/a,N/a,40.0,0.3,0.20,23.2,693,89.4,10536,92.9,93.4,63.2,6,57,10,1,71,15,1.12,0,0.0,44,28,32,15,7,4,3,14,938,58,261,535,148,5,21,33.3,66.7,564,1513,15,17,0,22,13,657,3,22,18,0,2,71,4,7,36.4,€29.8M
Álex Moreno,ESP,Nott'ham Forest,"DF,MF",31-328,15,11,955,0,1,2,0,0.2,1.3,26,34,34,0.0,0.09,0.02,0.12,N/a,N/a,N/a,N/a,0.0,0.0,0.00,23.7,308,72.0,4574,87.6,64.2,35.0,8,25,9,2,34,16,1.51,2,0.19,25,18,39,24,11,5,6,15,559,60,210,202,158,8,21,38.1,38.1,229,864,26,16,4,13,6,258,34,12,6,0,19,50,3,11,21.4,€11M
İlkay Gündoğan,GER,Manchester City,MF,34-190,30,22,"1,967",0,5,1,0,2.7,2.7,55,113,81,0.0,0.23,0.13,0.12,N/a,N/a,N/a,N/a,20.0,0.23,0.00,18.3,1374,89.3,21191,94.2,92.1,62.3,36,93,21,2,113,72,3.29,10,0.46,24,13,23,13,14,0,14,13,1707,43,254,825,648,56,35,45.7,37.1,1016,2735,55,52,9,25,23,1330,81,14,21,0,57,104,13,11,54.2,€12.1M
Łukasz Fabiański,POL,West Ham,GK,40-014,13,12,"1,070",0,0,2,0,0.0,0.0,0,0,0,0.0,0.0,0.0,0.0,1.68,74.6,16.7,0.0,N/a,0.0,N/a,N/a,304,67.0,8756,100.0,99.3,41.3,0,4,0,0,0,3,0.25,0,0.0,0,0,1,1,0,0,0,0,488,382,483,5,0,0,2,100.0,0.0,258,845,0,0,0,0,0,227,0,2,1,0,0,5,2,1,66.7,€0.9M
